TaxID	CLARK	Kaiju	Kraken
1	NA	189612	NA
10	NA	4	NA
1001583	NA	1	NA
1001585	NA	8	NA
1001994	NA	2	NA
100226	NA	5	NA
1002672	8	7	NA
1002809	NA	6	NA
1003110	4	NA	NA
1003195	NA	28	NA
1004785	NA	2	NA
1004787	NA	2	NA
1004788	NA	1	NA
1004951	NA	14	NA
1004952	NA	45	NA
1005039	5	NA	NA
1005041	NA	3	NA
1005042	NA	7	NA
1005048	NA	5	NA
1005057	NA	3	NA
1005058	NA	745	NA
1005090	NA	1	NA
1006	49	NA	37
1006006	NA	2	NA
1006007	NA	1	NA
1006551	NA	2	NA
1006576	3	19	NA
1006581	NA	6	NA
1007082	NA	1	NA
1007105	24	47	22
100716	3	NA	NA
1007676	12	69	NA
1008	15	NA	NA
1008153	NA	2	NA
1008459	NA	20	NA
1009464	NA	3	NA
1009846	NA	5	NA
10116	14911	90	13545
101385	37	NA	31
1014	34	NA	26
101510	NA	6	NA
101564	3	NA	NA
101571	18	18	13
1016	NA	13144	NA
1018	2286	NA	3110
102116	3	NA	NA
102134	6	NA	NA
102294	NA	1	NA
10239	NA	52	NA
10242	NA	1	NA
10256	NA	2	NA
10257	NA	1	NA
10258	NA	1	NA
10264	NA	1	NA
102684	64	10	65
10273	NA	2	NA
1028307	NA	1	NA
1028416	12	35	NA
1028800	NA	4	NA
1028801	NA	4	NA
1028989	6	9	NA
10294	NA	2	NA
1029718	NA	3	NA
1029756	NA	6	NA
1030157	1	14	NA
1030843	NA	318	NA
1031542	7	NA	NA
1031564	NA	12	NA
1031711	NA	1	NA
1031746	NA	9	NA
1032069	NA	63	NA
1032480	NA	42	NA
10325	NA	NA	11
1033806	NA	7	NA
1033837	NA	4	NA
1033846	2	NA	NA
1033854	13	NA	NA
1033922	NA	2	NA
1033991	NA	10	NA
1034807	NA	201	NA
1035817	NA	1	NA
1036172	NA	3	NA
10366	NA	2	NA
1036672	NA	31	NA
1036673	NA	3	NA
1036677	NA	1	NA
103690	8	5	NA
10372	NA	3	NA
103731	3	NA	NA
1037911	NA	1	NA
103796	NA	4	NA
103817	17	28	15
103855	16	5	14
1038856	NA	7	NA
1038927	NA	7	NA
104	6	NA	NA
104087	9	8	10
1041504	1	13	NA
1041522	NA	3	NA
1041826	NA	14	NA
1041930	NA	14	NA
1042156	24	245	22
1042163	NA	40	NA
104264	NA	91	NA
104267	NA	6	NA
1042877	NA	6	NA
1042878	NA	20	NA
10449	NA	1	NA
1045808	NA	4	NA
1045854	NA	14	NA
1045855	NA	8	NA
1045858	NA	24	NA
1046	NA	6	NA
1046624	NA	3	NA
1048245	NA	3	NA
1048260	NA	1	NA
1048332	NA	112	NA
10486	NA	3	NA
1048758	3	7	NA
1048834	NA	2	NA
1049	6	NA	NA
1050174	15	75	16
10509	NA	1	NA
1051072	NA	2	NA
1051074	NA	48	NA
1051631	NA	11	NA
1051646	NA	16	NA
1051650	NA	1	NA
1051973	NA	7	NA
1052004	NA	2	NA
1052095	NA	1	NA
105219	12	11	10
1052684	NA	2	NA
1053	4	NA	NA
1053692	NA	1	NA
1054217	NA	30	NA
1054460	NA	6443	NA
1055487	14	NA	NA
1055524	NA	5	NA
1055531	NA	2	NA
1055532	NA	2	NA
105559	NA	5	NA
105560	13	NA	10
1056495	NA	4	NA
106	33	NA	32
1060	NA	2	NA
1061	3	NA	NA
106178	NA	3	NA
1063	9	16	NA
106370	4	7	NA
1064539	NA	2	NA
106589	NA	65	NA
106590	44	14	39
106592	14	15	26
10662	NA	31	NA
10663	NA	2	NA
106633	NA	26	NA
106634	6	14	NA
106654	22	15	21
1068978	NA	20	NA
1069	10	NA	NA
10690	NA	54	78
1069083	NA	2	NA
1069533	NA	57	NA
1069534	NA	56	NA
1069642	NA	3	NA
10699	NA	246	NA
107	NA	86	NA
1070130	19	6	NA
10704	NA	17	NA
1071085	NA	4	NA
1071400	NA	32	NA
1072256	16	33	11
1072467	NA	4	NA
1072685	NA	181	NA
1073999	NA	4	NA
1074000	NA	3	NA
10744	NA	22	NA
1074467	6	18	NA
10747	NA	48	NA
1074889	NA	8	NA
1075397	NA	4	NA
1075399	NA	6	NA
1076	22	31	19
1076550	7	7	NA
1076588	1	19	NA
1076596	2	14	NA
1076934	NA	26	NA
107709	6	NA	NA
1078034	NA	1	NA
1078773	NA	16	NA
1079	3	14	NA
1080068	4	20	NA
108010	11	NA	10
1080709	NA	1	NA
108150	1	NA	NA
1081646	NA	1	NA
1081940	NA	6	NA
1082851	27	40	25
1082931	NA	27	NA
1082933	NA	8	NA
1084	4	NA	NA
1084719	NA	3	NA
108486	6	NA	NA
1085	5	17	NA
1085623	NA	27	NA
1085624	31	249	35
10860	NA	1	NA
1086726	NA	2	NA
1087448	NA	3	NA
1088720	NA	2	NA
1088721	NA	3	NA
1089128	NA	5	NA
1089444	10	5	NA
1089553	NA	51	NA
108981	7	21	NA
1090322	NA	8	NA
1090974	NA	8	NA
1091	NA	6	NA
1091038	NA	9	NA
1091045	NA	1	NA
1091494	NA	27	NA
109262	NA	5	NA
1093928	NA	1	NA
1094	10	NA	10
1094342	3	6	NA
1094466	NA	129	NA
1094489	NA	7	NA
1094497	NA	6	NA
1094892	NA	1	NA
1094980	NA	13	NA
1095955	NA	1	NA
1096	3	NA	NA
1096868	1	1	NA
1096935	NA	12	NA
1097	3	NA	NA
1097668	2	5	NA
1097677	NA	5	NA
109790	7	19	NA
1099	NA	2	NA
11	14	NA	13
1100	12	NA	NA
1101	NA	8	NA
1102	3	NA	NA
110321	3	NA	NA
1104322	NA	86	NA
1104325	NA	3	NA
1104326	NA	12	NA
1104678	NA	3	NA
1105107	NA	2	NA
1105171	NA	4	NA
110539	1	NA	NA
110662	1	1	NA
1107	NA	48	NA
1108595	51	19	40
1109711	NA	2	NA
1109714	NA	2	NA
1109743	3	27	NA
111015	236	314	226
1110502	NA	32	NA
1110509	NA	10	NA
1111069	1	13	NA
1111676	NA	1	NA
1112	9	3	NA
1112204	NA	12	NA
1114856	NA	5	NA
1114958	NA	1	NA
1114965	NA	793	NA
1114966	NA	1	NA
1114967	NA	1	NA
1114969	NA	1	NA
1114970	NA	4	NA
111500	NA	16	NA
111501	17	NA	18
111527	NA	40	NA
1116231	NA	27	NA
1116375	3	1	NA
1116391	NA	1	NA
1117	NA	142	NA
1117645	29	83	27
1117647	NA	28	NA
111780	NA	13	NA
111781	9	17	NA
1117941	NA	2	NA
1117943	NA	1	NA
1118	NA	9	NA
1118963	1	1	NA
112	NA	8	NA
112023	NA	1	NA
1121088	NA	5	NA
1121267	NA	31	NA
1121336	NA	1	NA
1121353	NA	52	NA
1121358	13	NA	NA
1121362	NA	32	NA
1122214	NA	9	NA
1122230	NA	7	NA
1122233	NA	8	NA
1122984	NA	3169	NA
1123016	NA	12	NA
1123269	NA	13	NA
1123366	NA	34	NA
1123384	NA	6	NA
1123519	NA	13	NA
1124577	NA	1	NA
1124597	14	NA	NA
1124983	NA	2	NA
1124991	NA	4	NA
1125411	NA	13	NA
1125847	10	6	NA
1126	6	37	NA
1126833	5	36	NA
1127134	NA	25	NA
1127514	NA	1	NA
1127744	NA	3	NA
1128398	NA	64	NA
1128424	NA	1	NA
1129	NA	64	NA
1129771	NA	156	NA
1129794	NA	21	NA
1130798	NA	45	NA
1130804	NA	46	NA
1130828	NA	1	NA
1131462	NA	1	NA
1132496	NA	6	NA
1132508	NA	2	NA
1132509	NA	3	NA
1132574	NA	2	NA
113267	16	NA	16
1133022	NA	1	NA
1133568	NA	1	NA
1133849	NA	32	NA
1133850	NA	2	NA
1134405	3	NA	NA
1134435	33	32	19
1134687	14	76	NA
113653	NA	5	NA
1136534	NA	2	NA
1136941	4	18	NA
1138383	NA	1	NA
1138822	12	27	10
1138871	NA	1	NA
1141519	NA	1	NA
1141526	NA	2	NA
114186	2	NA	NA
1141883	12	48	11
1142	NA	15	NA
1142394	NA	29	NA
1142511	NA	3	NA
114277	NA	3	NA
1144275	NA	40	NA
1144748	3	19	NA
1145276	31	18	22
114615	1	8	NA
114616	7	NA	NA
114627	NA	1	NA
1146883	NA	18	NA
1147	NA	6	NA
1147128	NA	18	NA
1147129	NA	4	NA
1147130	NA	1	NA
1147786	NA	10	NA
1148	5	10	NA
1148157	10	NA	12
1149952	3	1	NA
1150	NA	2	NA
1150389	21	228	17
1150460	NA	2	NA
1150461	NA	30	NA
1150468	NA	26	NA
1150469	NA	23	NA
1150621	NA	6	NA
1150991	NA	1	NA
1151116	NA	2	NA
1151117	NA	1	NA
1154756	NA	8	NA
1155071	NA	16	NA
1155096	NA	2	NA
1155739	10	NA	NA
1155766	NA	11	NA
1156431	1882	736	1870
1156433	1601	618	1584
1156913	NA	10	NA
1156937	NA	14	NA
1158	NA	2	NA
115808	4	9	NA
1158459	19	3	18
1159203	NA	2	NA
1159491	NA	8	NA
1159554	NA	2	NA
1159613	NA	11	NA
115992	NA	11	NA
1160721	14	97	12
1160895	NA	1	NA
1161	NA	24	NA
1162	NA	4	NA
1162290	NA	1	NA
1162668	NA	35	NA
1163	NA	2	NA
1163399	NA	10	NA
1163617	NA	26	NA
1163710	8	NA	NA
1163745	NA	3	NA
1163748	NA	1	NA
1164	8	NA	NA
1165	1	NA	NA
1166016	2	3	NA
1166018	NA	1	NA
1166130	18	4	13
1167006	NA	43	NA
11676	NA	9	NA
1167629	NA	5	NA
1168034	67	585	42
1168281	NA	1	NA
1168287	NA	4	NA
1169025	1	NA	NA
1170318	NA	14	NA
1170562	NA	16	NA
1171373	NA	7	NA
1171377	NA	2	NA
1172562	NA	4	NA
1172567	NA	3	NA
1173022	NA	16	NA
1173025	11	17	11
1173026	1	10	NA
1173027	3	19	NA
1173263	3	21	NA
1173297	NA	1	NA
1173749	NA	2	NA
1175296	NA	20	NA
1175631	NA	1	NA
1176492	NA	1	NA
1176587	9	154	NA
1176649	1	NA	NA
1177	NA	7	NA
1177712	3	NA	NA
1178482	8	44	NA
1178515	4	30	NA
1178516	18	75	16
1178537	9	7	10
1179773	NA	22	NA
118000	11	NA	NA
118062	NA	4	NA
118101	NA	2	NA
118110	NA	3	NA
118126	NA	16	NA
118163	NA	27	NA
1182568	NA	11	NA
1182571	3	9	NA
118323	1	NA	NA
1183377	NA	8	NA
1183438	NA	27	NA
1184	NA	12	NA
1184251	NA	4	NA
1184267	NA	23	NA
1185	NA	4	NA
1185653	NA	19	NA
1185876	NA	1	NA
1186051	1	10	NA
1187128	NA	1	NA
1188256	NA	1	NA
118882	NA	14	NA
118883	NA	5	NA
118884	NA	11	NA
1189303	NA	5	NA
118964	NA	2	NA
118968	NA	3	NA
119	10	NA	NA
119060	NA	185	NA
119065	NA	23	NA
1191459	50	235	26
1191523	NA	94	NA
119206	20	92	19
119219	21	NA	18
1192197	NA	120	NA
1193095	10	NA	NA
1193499	NA	1	NA
1193502	NA	4	NA
1193729	NA	2	NA
1193806	NA	1	NA
119394	1	NA	NA
1194088	NA	4	NA
1194526	NA	11	NA
119484	6	NA	NA
1194971	NA	2	NA
1195464	NA	4	NA
119602	NA	34	NA
119603	NA	8	NA
1196031	NA	38	NA
1196083	88	NA	63
1196094	NA	549	NA
1196095	70	76	31
1196835	NA	5	NA
1196844	NA	28	NA
1197717	9	162	15
1197719	NA	5	NA
1198114	NA	22	NA
1198136	NA	5	NA
1198232	NA	4	NA
1198449	NA	2	NA
1198451	NA	1	NA
119856	NA	8	NA
119857	NA	1	NA
119858	2	11	NA
119864	12	NA	10
1198676	NA	8	NA
1199245	2	11	NA
119977	NA	6	NA
120	6	NA	NA
1200352	NA	23	NA
120045	NA	9	NA
1200984	NA	1	NA
1201292	NA	12	NA
1201294	NA	1	NA
1202450	NA	15	NA
1202539	NA	3	NA
1202768	NA	2	NA
1203471	7	NA	NA
1203599	1	1	NA
1203670	NA	8	NA
1204414	NA	2	NA
1204521	NA	5	NA
1204725	NA	7	NA
120577	1	NA	NA
1205910	NA	27	NA
1206	5	NA	NA
1206105	NA	11	NA
1206110	NA	1	NA
1207075	6	5	NA
1207504	NA	3	NA
120793	NA	2	NA
1208104	NA	7	NA
1208320	NA	3	NA
1208324	3	20	NA
1208918	NA	4	NA
1208919	NA	10	NA
1208920	NA	2	NA
1208921	NA	9	NA
1209493	1	NA	NA
120961	NA	14	NA
120962	1	NA	NA
1209989	NA	62	NA
1210908	NA	2	NA
1211326	6	105	NA
1211417	NA	47	12
1211579	NA	2	NA
1211644	NA	1	NA
1211705	NA	5	NA
1212491	NA	12	NA
121292	6	12	NA
1214066	NA	4	NA
1214179	NA	43	NA
1214242	NA	8	NA
1215088	NA	2	NA
1215089	4	4	NA
121719	12	18	NA
1217416	NA	5	NA
1217420	NA	3	NA
1217721	NA	20	NA
1217908	10	NA	NA
1217984	NA	1	NA
1218	NA	17	NA
1218175	NA	2	NA
121871	NA	3	NA
1218933	NA	2	NA
1219	8	5	NA
1219058	NA	19	NA
1219067	NA	3	NA
1219076	NA	4	NA
1221500	10	18	NA
1221522	NA	9	NA
1222034	NA	104	NA
122277	NA	28	NA
1223514	19	NA	19
1223515	NA	29	NA
1223566	4	11	NA
1223802	NA	45	NA
1224	NA	8391	NA
1224162	NA	44	NA
1224163	NA	32	NA
1224164	NA	55	NA
1224742	NA	8	NA
1224749	1	NA	NA
1225786	NA	9	NA
122586	NA	112	NA
122587	NA	72	NA
1226298	NA	12	NA
1226968	4	4	NA
1227	NA	10	NA
1227452	NA	1	NA
1227454	NA	3	NA
1227455	NA	5	NA
1227456	NA	2	NA
1227457	NA	1	NA
1227460	NA	3	NA
1227465	NA	8	NA
1227466	NA	1	NA
1227481	NA	3	NA
1227483	NA	1	NA
1227485	NA	3	NA
1227486	NA	1	NA
1227487	NA	3	NA
1227488	NA	1	NA
1227490	NA	10	NA
1227492	NA	3	NA
1227493	NA	2	NA
1227496	NA	13	NA
1227497	NA	3	NA
1227498	NA	11	NA
1227499	NA	1	NA
1227500	NA	5	NA
1227739	NA	78	NA
1228987	NA	6	NA
1228997	NA	17	NA
1229	4	NA	NA
1229205	NA	4	NA
1229512	NA	10	NA
1229726	NA	109	NA
1229727	1	1	NA
1229756	NA	2	NA
1229758	NA	9	NA
1229760	NA	1	NA
1229831	NA	3	NA
1230341	1	30	NA
1230451	NA	1	NA
1230453	NA	1	NA
1230454	NA	1	NA
1230456	NA	3	NA
1230457	NA	4	NA
1230458	NA	3	NA
1230459	NA	1	NA
1230460	NA	5	NA
1230998	25	NA	21
1231	2	NA	NA
1231000	11	NA	10
1231072	NA	12	NA
1231361	NA	1	NA
1231624	NA	19	NA
1231626	NA	20	NA
123214	NA	25	NA
1232219	NA	3	NA
1232659	NA	650	NA
1232724	NA	1	NA
1233100	NA	2	NA
12333	NA	87	NA
12336	NA	1	NA
1233873	10	1	NA
1234	NA	19	NA
1234428	NA	1	NA
12345	NA	4	NA
1234679	NA	137	NA
1235591	1	20	NA
1235661	NA	4	NA
1235834	NA	4	NA
1235990	9	10	10
1236	NA	4067	NA
1236179	15	59	14
1236517	NA	7701	NA
1236518	NA	18	NA
1236608	NA	1	NA
1236689	NA	7	NA
1236908	NA	1	NA
1238	27	39	22
123899	20	34	13
1239	NA	3851	NA
1239307	8	22	NA
1239381	NA	8	NA
12402	NA	337	290
1240483	NA	5	NA
1240708	NA	1	NA
1242091	NA	1	NA
1242106	NA	11	NA
1242108	NA	5	NA
1242245	NA	21	NA
1243	NA	73	NA
1243595	NA	4	NA
1244	6	6	NA
1244528	NA	2	NA
1244531	16	70	15
1245	27	18	23
1245469	NA	17	NA
1245471	NA	12	NA
1246	3	21	NA
1246301	NA	15	NA
1246626	NA	20	NA
1246955	NA	10	NA
1246995	NA	12	NA
1247	1	NA	NA
1247726	NA	43	NA
1248727	21	17	NA
1249471	NA	9	NA
1249473	NA	1	NA
1249526	NA	11	NA
1249552	7	27	NA
1249634	NA	3	NA
1249658	NA	5	NA
1249661	NA	2	NA
1249663	NA	1	NA
1249668	NA	3	NA
1249676	NA	2	NA
125	2	NA	NA
1250539	NA	10	NA
1252	3	NA	NA
1253	NA	12	NA
1254	12	31	NA
1254432	NA	41	NA
1254439	NA	22	NA
1255	16	20	13
1255043	NA	24	NA
1257021	36	173	12
1258574	NA	98	NA
1259844	5	1	NA
126	NA	10	NA
1260	42	NA	40
1260251	NA	11	NA
1261127	NA	7	NA
1261129	NA	1	NA
1261131	NA	6	NA
1261545	NA	11	NA
1261556	NA	1	NA
1262452	1	3	NA
1262470	NA	14	NA
1262513	NA	1	NA
1263	NA	17	NA
1263550	1	2	NA
1263829	NA	20	NA
1263831	NA	1	NA
1263832	NA	110	NA
1263979	6	2	NA
1264	9	NA	13
1264579	NA	799	NA
1265309	NA	10	NA
1265350	NA	2	NA
1265601	NA	2	NA
1266738	NA	2	NA
1266844	NA	3	NA
1266845	NA	55	NA
1266923	NA	2	NA
1266925	NA	19	NA
1267000	NA	3	NA
1267001	NA	1	NA
1267021	48	64	49
126740	NA	2	NA
1267562	NA	18	NA
1267766	NA	5	NA
1268	NA	281	NA
1268072	NA	14	NA
1268635	NA	12	NA
1269	NA	1	NA
1269028	NA	3	NA
1270	43	NA	41
1271752	NA	2	NA
1271863	NA	1	NA
1273132	NA	12	NA
1273173	NA	1	NA
1273266	NA	1	NA
1273541	NA	6	NA
1273687	NA	2	NA
1274	23	24	19
1274631	9	8	NA
1276	17	NA	12
1276220	NA	10	NA
1276221	NA	3	NA
1276227	NA	4	NA
1276229	NA	4	NA
1276246	NA	6	NA
1276257	NA	9	NA
1276258	NA	10	NA
1276282	NA	3	NA
1276647	NA	17	NA
1277257	NA	1	NA
1278073	NA	22	NA
1279	NA	174	NA
1279082	NA	1	NA
128	1	NA	NA
1280	334	24	32
1280380	2	2	NA
1281	12	6	13
1282	154	19	56
1282356	NA	3	NA
1283	18	14	14
1283079	NA	1	NA
1283291	6	6	NA
1283312	1	3	NA
1284	6	7	NA
1284658	4	NA	NA
1284804	NA	1	NA
1285583	NA	31	NA
1286	22	20	17
1286170	NA	1	NA
1286171	NA	84	NA
1286528	NA	1	NA
1287066	NA	4	NA
128780	5	14	NA
1288	19	16	15
128827	NA	52	NA
1288295	NA	19	NA
1288494	10	18	NA
1288970	8	23	NA
128944	10	86	14
1289591	NA	1	NA
1291379	NA	223	NA
12914	NA	1	NA
1291539	NA	2	NA
12916	NA	64	NA
1291742	NA	18	NA
1292	20	1	24
1292392	NA	1	NA
1293039	NA	1	NA
1293040	NA	6	NA
1293041	NA	4	NA
1293047	NA	4	NA
1293048	NA	5	NA
129337	NA	42	NA
129338	2	NA	NA
129394	NA	2	NA
1294143	6	8	NA
1294273	NA	3	NA
1295	17	25	16
1295009	NA	10	NA
1295010	NA	1	NA
1295120	NA	1	NA
1295140	NA	373	NA
1295327	NA	2	NA
1295392	19	NA	19
1295826	NA	5	NA
1296	31	NA	NA
12960	NA	38	NA
1296990	NA	3	NA
129726	NA	1	NA
1297617	7	100	NA
1297742	1	11	NA
1298	NA	45	NA
1298593	NA	5	NA
1298851	NA	29	NA
1299	1	NA	NA
129958	5	NA	NA
13	NA	15	NA
1300	NA	482	NA
1300150	NA	33	NA
1300164	NA	1	NA
1300227	NA	1	NA
1300254	NA	1	NA
1300342	NA	18	NA
1300343	NA	15	NA
1300344	NA	40	NA
1300347	NA	13	NA
1300914	15	126	NA
1301	NA	95335	NA
1301098	NA	10	NA
1301283	NA	1	NA
1302	5936	2827	5956
1302659	11	7	NA
1302863	NA	1229	NA
1303	38336	15598	39132
1303024	NA	2	NA
13035	NA	13	NA
1303692	NA	11	NA
1303921	NA	10	NA
1304	2732	1082	2741
1304873	NA	542	NA
1304890	NA	45	NA
1305	10351	NA	10318
130556	NA	1	NA
1306418	NA	1	NA
1306419	NA	1	NA
1306519	10	72	NA
1306787	11	NA	NA
1307	694	670	740
1307428	NA	222	NA
1307442	NA	656	NA
1307443	NA	304	NA
1307444	NA	292	NA
1307761	1	56	NA
1307763	2	16	NA
1307832	NA	636	NA
1307833	NA	677	NA
1307839	30	357	16
1308	581	362	585
1308863	NA	2	NA
1308980	NA	4	NA
1309	149	229	153
1309411	3	5	NA
1309583	NA	1	NA
1309806	NA	4	NA
1309807	NA	10	NA
1311	527	495	528
1311757	NA	1	NA
1311759	NA	45	NA
1313	47346	8028	28293
1313172	NA	24	NA
13134	NA	14	NA
1314	312	81	119
1315283	NA	9	NA
131567	NA	9168	NA
131568	18	NA	14
1315974	4	7	NA
1316444	1	4	NA
1318	5221	2293	5183
1318466	NA	28	NA
1318634	NA	1	NA
1318635	NA	2	NA
1318743	2	6	NA
132132	17	NA	11
1323664	NA	5	NA
1324350	15	33	14
1324352	49	274	49
1324931	NA	5	NA
1324957	NA	6	NA
1324991	NA	1	NA
1325564	4	20	NA
1327037	NA	6	NA
1327770	NA	3	NA
1327935	NA	1	NA
1327976	NA	2	NA
1327981	NA	2	NA
1327982	NA	1	NA
1327985	NA	1	NA
1327988	NA	1	NA
1327989	3	NA	NA
1327990	NA	1	NA
1328	1278	830	1282
1328314	NA	33	NA
1328859	NA	40	NA
132919	2	NA	NA
132920	1	NA	NA
1329200	NA	17	NA
1329907	NA	1	NA
1329969	NA	1	NA
133	NA	2	NA
1330330	3	24	NA
1330547	NA	4	NA
1331258	15	6	NA
1332075	NA	1	NA
1332080	3	3	NA
1332264	22	56	23
1333523	NA	5	NA
1333534	NA	12	NA
1333538	NA	2	NA
1333848	NA	1	NA
1333850	NA	1	NA
1334	179	NA	182
1334187	NA	1518	NA
1334193	13	35	NA
133453	1	NA	NA
1334564	NA	1	NA
1334629	NA	43	NA
1334632	NA	1	NA
1335048	2	37	NA
133539	3	NA	NA
1335745	NA	4	NA
1335746	1	NA	NA
1335757	4	4	NA
1336	227	105	225
1336794	18	87	16
1336795	10	89	NA
13373	115	NA	104
1337877	1177	NA	NA
1337936	4	11	NA
1338	2607	1073	2605
1338011	NA	70	NA
1338035	NA	1	NA
1338689	4	7	NA
133924	1	NA	NA
133925	NA	35	NA
1339255	NA	1	NA
133926	27	NA	26
1340425	1	2	NA
1340495	NA	3	NA
1340847	NA	51	NA
1341692	NA	8	NA
1341694	NA	3	NA
134287	4	5	NA
1343739	NA	3	NA
1344042	NA	7	NA
1344959	NA	10	NA
134537	6	16	NA
1346	74	90	74
134601	7	4	NA
134623	NA	2	NA
1346611	NA	1	NA
134676	5	26	NA
1348	63	NA	65
1348114	23	29	16
134821	NA	1	NA
1348584	NA	19	NA
1348585	NA	9	NA
1348623	NA	3	NA
1348662	NA	91	NA
1348774	10	10	NA
1349	55	NA	58
1349409	NA	3	NA
1349410	NA	3	NA
134962	7	24	NA
1349767	NA	23	NA
1349819	9	25	NA
1350	NA	199	NA
1351	52	135	40
1351755	NA	54	NA
1352	49	72	46
1352940	NA	13	NA
1353	4	19	NA
1353243	NA	35	NA
1353246	NA	1	NA
1354	21	70	21
1354030	NA	2	NA
1354275	NA	13	NA
1354302	NA	8	NA
1354304	NA	18	NA
135461	NA	2	NA
135487	4	NA	NA
1355015	7	15	NA
1355477	3	14	NA
135577	6	26	NA
135613	NA	13	NA
135614	NA	16	NA
135616	NA	1	NA
135617	NA	2	NA
135619	NA	19	NA
135620	NA	3	NA
135621	NA	29	NA
135622	NA	61	NA
1356852	21	59	20
1357	NA	35	NA
135720	NA	1	NA
1357279	NA	7	NA
135735	15	40	16
1357714	NA	3	NA
1357915	20	23	16
1357916	3	7	NA
1358	127	236	314
1358027	NA	1	NA
1359	NA	107	NA
136	NA	3	NA
1360	NA	57	NA
1363	33	65	17
1364	17	NA	13
1365188	NA	6	NA
1367477	NA	29	NA
1367847	NA	28	NA
136841	NA	19	NA
136843	NA	26	NA
136845	NA	2	NA
136846	NA	9	NA
136849	NA	16	NA
136857	14	40	11
13687	NA	37	NA
137	NA	60	NA
1372	NA	49	NA
1374	1	NA	NA
137443	NA	1	NA
1375	NA	151	NA
137591	11	25	NA
1376	17	71	13
1377	14	20	10
137722	NA	13	NA
1379159	12	20	12
1379270	10	23	NA
1379702	NA	1	NA
1379870	13	112	12
1379908	NA	69	NA
1379909	7	46	NA
1379910	5	89	NA
138	NA	17	NA
1381124	NA	4	NA
138119	NA	24	NA
1382	1954	NA	1951
138336	8	NA	NA
1384061	NA	4	NA
1384459	2	20	NA
1384484	NA	46	NA
1385	NA	558	NA
1385385	NA	4	NA
138563	1	1	NA
1385663	20	15	19
1385664	15	17	22
1385937	NA	3	NA
1386	NA	290	NA
1386087	NA	27	NA
1386967	NA	1	NA
1386968	NA	1	NA
1387353	11	21	NA
1388	NA	27	NA
1388749	NA	3	NA
1388750	NA	3	NA
1388752	NA	2	NA
1388753	NA	1	NA
1388763	NA	4	NA
1389192	NA	5	NA
1389489	NA	3	NA
1390	26	2	15
1390395	2	6	NA
1391653	9	34	NA
1392	21	2	NA
1392005	NA	19	NA
139208	25	NA	26
1392507	NA	4	NA
1392998	NA	23	NA
1393	8	NA	NA
1395570	NA	4	NA
1395589	NA	2	NA
1396	32	11	29
1397108	7	9	NA
1397850	NA	1	NA
1398	13	48	NA
1398491	NA	1	NA
139872	NA	8	NA
1399115	1	3	NA
1399116	NA	2	NA
14	2	NA	NA
140	1	7	NA
1400053	57	623	37
1400867	NA	2	NA
1401243	NA	1	NA
1401325	NA	8	NA
1402	1	6	NA
1403316	NA	5	NA
1403335	NA	3	NA
1403336	NA	142	NA
1404	11	8	11
1404244	10	NA	14
1404245	NA	30	NA
1405	6	5	12
1406	23	17	25
1406782	NA	2	NA
1406785	NA	1	NA
1407071	13	38	10
1407499	NA	4	NA
1408	27	24	28
1408159	NA	18	NA
1408160	NA	21	NA
1408178	NA	2	NA
1408186	NA	1	NA
1408189	NA	63	NA
1408191	6	NA	NA
1408224	NA	4	NA
1408268	NA	2	NA
1408281	2	28	NA
1408283	NA	2	NA
1410383	6	10	NA
1410606	NA	3	NA
1410664	NA	12	NA
1411621	27	90	26
1411700	NA	1	NA
1411903	NA	1	NA
1413	2	NA	NA
1413214	NA	1	NA
141451	4	28	NA
1414737	NA	1	NA
1414742	NA	2	NA
1414854	NA	13	NA
1415166	NA	28	NA
1415630	7	2	NA
1415657	7	34	NA
1415773	NA	3	NA
1415774	NA	5	NA
1415775	NA	7	NA
1416334	NA	2	NA
1416614	19	NA	16
1416627	13	20	NA
1416803	10	14	10
1416806	7	16	NA
1416914	NA	3	NA
1418105	NA	9	NA
1420599	NA	1	NA
1420917	3	14	NA
1421	29	37	24
1422	2	NA	NA
1423	24	16	17
1423143	NA	1	NA
1423144	NA	3	NA
1423721	NA	31	NA
1423892	NA	1	NA
1424294	3	122	NA
1426	5	1	NA
1427356	4	NA	NA
1427364	1	NA	NA
1427366	NA	9	NA
1427374	NA	15	NA
1428	73	45	61
1428454	NA	7	NA
142877	7	NA	NA
1429244	NA	2	NA
1430440	NA	13	NA
1431546	NA	75	NA
1432056	370	520	367
1432060	NA	4	NA
1432061	NA	1	NA
1432656	NA	1	NA
1433126	67	699	52
1433287	NA	54	NA
143361	442	NA	437
143393	371	NA	366
1434011	NA	13	NA
1434100	NA	9	NA
1434103	NA	1	NA
1434104	NA	3	NA
1434107	NA	14	NA
1434110	NA	3	NA
1434111	NA	6	NA
1434118	NA	3	NA
1434120	NA	5	NA
1434123	NA	3	NA
1434214	NA	88	NA
1434215	NA	37	NA
1434306	NA	4	NA
1435056	NA	8	NA
1435069	32	40	32
1435356	NA	2	NA
1435984	NA	1	NA
1436084	NA	2	NA
1436085	NA	1	NA
1436290	7	NA	NA
1436299	NA	13	NA
1437364	NA	2	NA
1437453	6	5	NA
1437605	NA	15	NA
1437823	NA	14	NA
1437824	NA	46	NA
1437874	NA	32	NA
1437875	NA	33	NA
1439852	NA	4	NA
1440	NA	1	NA
1440052	NA	4	NA
1441627	NA	1	NA
1441629	NA	14	NA
1441930	NA	20	NA
1442136	9	26	NA
1445505	7	NA	NA
1445510	NA	59	NA
1446467	15	NA	12
1447715	NA	9	NA
1447716	NA	6	NA
1448139	NA	5	NA
1448140	NA	1	NA
1448273	NA	11	NA
1448274	NA	29	48
1448276	NA	3	14
1448860	NA	5	NA
1449	6	NA	NA
1449752	NA	5	NA
1449976	NA	30	NA
1449978	NA	2	NA
1450527	NA	5	NA
1450761	13	33	12
1451189	NA	21	NA
1452	NA	9	NA
145259	NA	16	NA
145261	NA	1446	NA
1452722	NA	2	NA
1452724	NA	7	NA
1452725	NA	2	NA
1453352	5	105	NA
1453429	NA	5	NA
1453495	NA	14	NA
1453496	NA	7	NA
145357	NA	2	NA
1453988	NA	1	NA
1454006	NA	88	NA
145458	6	17	NA
1454585	NA	1	NA
1455074	NA	1	NA
1455592	NA	18	NA
1455609	NA	1198	NA
1457141	4	NA	NA
1457153	NA	5	NA
1457250	NA	6	NA
1458307	3	6	NA
1458425	13	31	12
1458426	5	6	NA
1458465	NA	401	NA
1458492	NA	18	NA
1458842	NA	3	NA
1458846	NA	1	NA
1458985	NA	29	NA
146015	NA	1	NA
1460372	NA	5	NA
1462996	1	32	NA
1464	8	24	NA
1465	12	NA	10
146825	NA	4	NA
146827	18	23	17
146919	8	44	NA
146923	4	10	NA
146939	18	NA	14
1469502	10	56	NA
1470434	8	20	NA
1470540	NA	38	NA
1471	14	NA	12
1471761	5	28	NA
1472345	11	NA	11
147268	12	NA	NA
1472767	5	17	NA
147375	NA	1	NA
1474867	NA	11	NA
1476	8	47	NA
147645	10	18	NA
1476577	2009	6994	2000
1476901	1	8	NA
1477	NA	11	NA
147709	29	NA	21
1478	11	31	NA
1479	7	26	NA
1479019	2	3	NA
1480675	NA	3	NA
1482	9	7	NA
1483485	NA	2	NA
1483601	NA	2	NA
1484116	17	58	14
1484118	21	109	20
1484157	5	24	NA
1484158	14	9	10
148447	8	NA	NA
1484693	9	19	NA
1485	NA	510	NA
1486034	15	37	14
1486245	22	NA	22
1486262	9	14	NA
1486423	NA	4	NA
1486428	NA	5	NA
1486472	NA	1	NA
1486991	2	NA	NA
1487956	2	15	NA
1488	17	62	17
148813	5	NA	NA
148814	9	21	NA
1491	59	113	48
1492	16	93	16
1492737	19	140	20
1492898	13	134	12
1493	18	NA	18
1494608	10	27	NA
1495144	NA	11	NA
1495285	NA	1	NA
1495336	NA	4	NA
149539	NA	2	NA
1495769	2	4	NA
1496	86	247	70
149698	NA	22	NA
1497	9	30	NA
149715	1	NA	NA
1498500	NA	2	NA
1499392	NA	40	NA
150055	6	NA	NA
1500686	NA	2	NA
1500713	NA	2	NA
1500960	6	2	NA
1501	24	52	18
1501268	NA	1	NA
1501269	NA	2	NA
1501348	NA	1	NA
1502	28	104	23
150247	NA	28	NA
150286	NA	1	NA
1503054	1	8	NA
1503055	NA	8	NA
150340	13	8	13
1504981	8	24	NA
1505596	1	8	NA
1505597	6	2	NA
1505648	NA	1	NA
1506553	NA	158	NA
1507806	NA	19	NA
1508404	8	41	NA
1508454	NA	6	NA
1508644	NA	2	NA
1508657	NA	32	NA
1509	4	10	NA
1510	4	80	NA
1510841	5	16	NA
1511	20	172	17
1511761	NA	1	NA
1513	17	59	17
1514105	6	84	NA
1514971	NA	4	NA
1515	2	36	NA
1515612	NA	3	NA
1517	4	15	NA
151895	21	NA	14
1519	10	45	NA
1520	15	97	NA
1521	4	NA	NA
152297	2	5	NA
152331	5	22	NA
152480	5	2	NA
1525	6	30	NA
1526048	NA	1	NA
1526571	8	22	NA
1526658	NA	21	NA
152682	1	NA	NA
1526927	12	1	11
1527535	NA	1	NA
1527771	NA	1	NA
152794	12	NA	11
1528098	7	14	NA
1528099	14	166	13
1529069	32	66	29
153135	NA	1	NA
1531429	6	55	NA
1532555	2	10	NA
1534	8	120	NA
1534110	NA	5	NA
153496	NA	14	NA
1536769	NA	17	NA
1536770	1	4	NA
1536771	3	79	NA
1536772	NA	18	NA
1536773	7	13	NA
1536774	2	18	NA
1536775	1	13	NA
1538	2	NA	NA
1538553	11	27	NA
1538644	42	256	52
1539298	2215	3401	2211
153948	2	9	NA
154	15	38	NA
1540091	NA	1	NA
1541883	NA	1	NA
1541959	17	43	10
1542	13	NA	10
1542390	5	12	NA
1543721	5	17	NA
1544718	NA	3	NA
1544719	NA	4	NA
1545702	4	98	NA
1545728	3	4	NA
1545835	NA	3	NA
1546154	NA	19	NA
1547283	13	33	12
1547445	8	9	NA
1548	9	30	NA
1548547	4	30	NA
1549855	1	11	NA
1549858	2	21	NA
1550241	NA	6	NA
1550566	NA	2	NA
155077	4	NA	NA
155085	2	15	NA
1552	NA	87	NA
1555112	15	40	NA
1555208	NA	1	NA
155537	NA	6	NA
1556	24	NA	20
155615	NA	1783	NA
155892	4	NA	NA
155920	NA	1	NA
155978	2	NA	NA
1560313	NA	1	NA
1560339	NA	3	NA
1560345	4	21	NA
1561	30	60	23
1561022	2	10	NA
1561023	6	15	NA
1561223	21	6	20
1561964	NA	12	NA
1562	NA	29	NA
1562970	34	721	41
1563661	NA	3	NA
1564	12	NA	NA
1564114	NA	19	NA
1564506	1	9	NA
1564681	18	80	13
1565	10	NA	NA
1565991	15	15	15
1566358	13	24	NA
1566990	NA	57	57
1566993	NA	2	NA
1567453	NA	2	NA
1567471	NA	1	NA
156889	NA	30	NA
1569	NA	31	NA
156978	8	22	NA
157	NA	633	NA
1570	2	NA	NA
1570339	NA	19	NA
1570939	NA	13	NA
1571	19	46	18
157239	NA	444	1083
1572656	5	60	NA
1572712	NA	2	NA
1572745	NA	7	NA
1575	31	18	21
157673	314	NA	280
1577788	NA	1	NA
157779	1	5	NA
1577791	NA	13	NA
157782	24	15	22
157783	4	31	NA
1578	NA	371	NA
1578165	1	4	NA
1578828	NA	3	NA
157898	NA	2	NA
1579	17	11	13
157920	NA	19	NA
157924	NA	105	42
1579316	7	24	NA
1579979	3	33	NA
158	589	NA	585
1580	3	29	NA
1580092	NA	1	NA
158080	12	NA	11
1581	1	15	NA
1581011	12	14	10
158189	NA	46	NA
158190	NA	85	NA
1582	1	9	NA
1583098	4078	1682	4167
1583100	1	9	NA
158327	5	NA	NA
1583341	NA	5	NA
1584	7	52	NA
1585	NA	7	NA
158500	2	14	NA
1586287	3	29	NA
1587	7	13	NA
158787	12	NA	NA
158822	38	18	34
158836	10	NA	NA
158899	13	14	NA
1589270	NA	5	NA
1589751	NA	2	NA
159	7	NA	NA
1590	8	68	NA
159087	NA	46	NA
1591054	NA	4	NA
1591088	3	26	NA
1592897	2	9	NA
159346	5	NA	NA
1596	83	59	81
1597	5	10	NA
159743	6	NA	NA
1598	23	41	18
1598147	4	2	NA
1599	10	NA	NA
160	1	NA	NA
1600	5	17	NA
1603	12	NA	NA
1603606	10	32	NA
160386	15	NA	15
1604	16	17	16
1604004	NA	12	NA
160491	NA	1	NA
1605721	NA	1	NA
1606016	5	32	NA
1606502	NA	1	NA
160660	10	36	NA
1606763	NA	2	NA
160791	1	NA	NA
160798	NA	26	NA
160799	1	27	NA
160808	3	NA	NA
1608473	19	25	15
1608628	NA	29	NA
1609559	NA	3	NA
1609966	NA	14	NA
1609968	NA	9	NA
1609977	NA	12	NA
1610493	29	58	26
1610872	NA	2	NA
1611770	NA	4	NA
1612551	NA	1	NA
1612552	NA	9	NA
1613	17	37	17
161360	4	NA	NA
161398	23	31	16
161492	NA	64	NA
161493	6	1	NA
1615909	4	11	NA
1617448	5	5	NA
1618207	7	16	NA
161879	149	NA	149
161895	9	34	NA
161896	13	32	13
161899	12	31	11
1619308	12	22	17
1619313	22	20	23
1620392	13	24	12
1620421	8	15	10
1620892	NA	1	NA
162209	2	27	NA
1622118	26	109	23
1622193	NA	24	NA
1623	4	NA	NA
1623290	NA	3	NA
1623303	NA	1	NA
1623304	NA	1	NA
1624	56	101	56
1625	4	NA	NA
1630135	10	30	10
1630693	2	41	NA
163164	NA	2	NA
1631871	2	25	NA
1632864	4	19	NA
1633874	1	NA	NA
1634516	2	14	NA
1636152	2	21	NA
1636271	NA	1	NA
1636314	NA	2	NA
1637	NA	117	NA
1637837	1	2	NA
1637999	9	26	NA
1638	23	9	18
1639	42	74	29
1639108	12	NA	NA
1639348	6	8	NA
1640	8	NA	NA
1641165	NA	15	NA
1641402	3	14	NA
1642	10	NA	NA
1642646	88	1013	82
1642647	51	1044	48
1643	8	NA	NA
1643450	10	18	10
164348	5	21	NA
1643685	NA	3	NA
1643824	NA	117	NA
1643826	NA	64	NA
1643948	NA	1	NA
1643949	NA	5	NA
1643950	NA	4	NA
1643951	NA	14	NA
1644055	NA	2	NA
1644056	NA	2	NA
1644061	NA	18	NA
1644130	13	48	13
1644131	11	4	NA
164450	NA	1	NA
164514	2	NA	NA
1646	2	NA	NA
1646498	6	10	NA
1647	NA	7	NA
1647300	NA	1	NA
1647304	NA	1	NA
1647391	NA	1	NA
1647413	6	14	NA
1647476	NA	1	NA
164757	NA	2	NA
1648	19	91	12
1648404	7	6	NA
1648923	3	8	NA
1649184	2	7	NA
1649845	NA	11	NA
1650354	NA	2	NA
1650658	4	13	NA
1650659	NA	2	NA
1650660	NA	1	NA
1652495	10	18	10
1652545	1	2	NA
1653476	NA	8	NA
1653478	15	16	12
1653479	3	NA	NA
1653831	5	NA	NA
1654	NA	1748	NA
1654582	NA	1	NA
1655514	NA	5	NA
165695	NA	18	NA
165696	NA	10	NA
165697	NA	13	NA
165779	NA	15	NA
1658665	15	32	15
1658671	21	36	19
1658672	129	290	125
1659194	2	4	NA
1660064	6	13	NA
1660067	NA	21	NA
1660070	NA	1	NA
1660073	4	15	NA
1660074	5	3	NA
1660076	1	11	NA
1660083	NA	18	NA
1661	26	125	17
1661694	6	7	NA
1662285	19	31	11
1662332	NA	1	NA
1662456	9	7	NA
1662458	15	2	12
1663	NA	64	NA
166314	NA	1	NA
1663591	1	12	NA
1664069	6	8	NA
1664247	NA	1	NA
166501	2	NA	NA
1667587	NA	33	NA
166935	11	NA	NA
167	14	NA	14
1670800	4	13	NA
1671721	NA	1	NA
1673428	NA	3	NA
1673877	NA	4	NA
1674146	1	4	NA
1674922	1	1	NA
1674923	NA	2	NA
1675317	NA	1	NA
167539	NA	7	NA
167542	NA	6	NA
1675863	NA	1	NA
167642	6	NA	NA
1678	NA	139	NA
1678028	16	38	16
1678128	12	17	NA
1678129	5	6	NA
1678678	5	2	NA
167879	NA	22	NA
1679	NA	5	NA
1679444	15	61	12
1679489	NA	8	NA
167964	4	NA	NA
167965	4	NA	NA
1680	5	11	NA
1681	18	15	13
168169	6	NA	NA
1682	NA	6	NA
1682113	3	5	NA
1683	12	44	11
1684	13	NA	13
168471	46	NA	21
1685	8	13	NA
1685010	42	359	43
1686	9	NA	NA
1686310	11	36	NA
168657	NA	17	NA
168694	NA	4	NA
168695	5	NA	NA
168697	1	NA	NA
1687	1	NA	NA
1689	57	69	56
1690248	5	1	NA
1690684	NA	5	NA
1690815	4	31	NA
1691958	NA	1	NA
1692238	11	19	NA
169292	10	NA	10
1694	3	NA	NA
1695218	6	29	NA
1696072	2	2	NA
169679	26	61	26
169683	NA	1	NA
1697	7	13	NA
1697043	17	10	14
1697053	10	24	12
169760	5	21	NA
1699622	NA	9	NA
1699624	2	12	NA
169963	NA	5	NA
1701811	NA	10	25
1701813	NA	24	27
1701814	NA	12	12
1701824	NA	3	NA
1701826	NA	11	16
1701828	NA	2	NA
1701830	NA	4	NA
1701837	NA	12	17
1701842	NA	3	NA
1701850	NA	7	NA
170187	NA	144	NA
1702170	6	11	NA
1702221	8	140	NA
1702287	1371	2236	2072
1702325	5	3	NA
1703	30	66	23
1703969	1	7	NA
1704044	8	27	NA
1704307	1	8	NA
1704499	7	NA	NA
1705	3	17	NA
1705394	1	12	NA
1705617	2429	2340	3409
170573	8	NA	NA
1706369	NA	12	NA
1706371	NA	12	NA
1706375	NA	5	NA
1707	NA	10	NA
1707785	12	24	12
1708	14	NA	13
1708091	NA	4	NA
171	NA	28	NA
1710	16	10	15
1711	13	NA	15
171101	NA	1055	NA
1712654	NA	3	NA
1712675	46	77	36
171284	4	NA	NA
171437	3	NA	NA
1714373	9	62	10
171549	NA	22009	NA
171550	NA	25	NA
171551	NA	185	NA
1715806	NA	3	NA
1715860	3	NA	NA
1715989	1	25	NA
1716	NA	978	NA
1716143	2	21	NA
171695	5	NA	NA
1717	22	74	19
1718	7	16	NA
1718278	NA	3	NA
1719	7	25	NA
172	1	NA	NA
1720344	16	14	12
172045	5	54	NA
1721	7	NA	NA
1721091	77	308	87
1723645	NA	3	NA
1725411	6	15	NA
1727	20	NA	20
1727163	7	107	NA
1727164	6	147	NA
1727196	26	32	19
172861	NA	1	NA
1729720	7	104	14
173	6	9	NA
1730	NA	1	NA
1731	12	NA	12
173479	NA	21	NA
173480	3	NA	NA
1736	21	131	21
1736674	20	115	19
1736675	6	11	NA
1737404	NA	8	NA
1737490	7	38	NA
174	NA	6	NA
1740163	2	16	NA
1741	2	NA	NA
1742989	NA	4	NA
1742993	NA	2	NA
1744	37	55	33
1747	2389	1716	2388
1748	43	55	38
1749074	9	10	NA
1749259	11	12	10
1750	2029	NA	2021
1750719	33	31	23
1751286	6	8	NA
1751294	2	19	NA
1752	NA	3	NA
1752063	4	7	NA
1752064	2	13	NA
1754	NA	43	NA
1756149	6	41	NA
1756150	11	55	12
1758255	NA	7	NA
1758689	36	22	26
1759059	1	13	NA
1759399	5714	2152	5695
1759437	9	NA	NA
1760	NA	2709	NA
1762	NA	2	NA
176280	NA	11	NA
176299	NA	17	NA
1763	NA	170	NA
1763524	NA	3	NA
1763534	9	98	NA
1763535	9	32	NA
1763536	20	22	16
1763538	12	29	11
1764	9	21	NA
1765	53	NA	66
1765055	NA	2	NA
1765057	NA	4	NA
1765655	NA	1	NA
1766	NA	1	NA
1767	2	NA	NA
1768	113	12	107
1768108	2	9	NA
1768242	26	24	24
1769	3	6	NA
1769296	NA	9	NA
1769779	3	26	NA
1770	NA	2	NA
1771	7	19	NA
1771959	1	NA	NA
1772	2	7	NA
1773	153	1	154
1774	10	NA	10
1774273	19	47	13
177437	NA	69	NA
1774373	NA	11	NA
177439	NA	52	NA
1774743	1	NA	NA
1775411	NA	10	NA
1776294	NA	4	NA
1778262	9	1	NA
1778263	6	12	NA
1778264	3	2	NA
1779382	67	78	52
1781	4	5	NA
1783257	NA	10	NA
1783270	NA	185	NA
1783272	NA	2724	NA
1783515	7	16	NA
1785128	2	5	NA
1785145	5	5	NA
1785995	800	5810	783
1785996	151	360	131
178606	NA	1	NA
1788301	2	2	NA
1789224	3	83	NA
179	NA	18	NA
1790137	14	163	12
1791	2	12	NA
1792307	7	7	NA
1792508	2	9	NA
1793721	NA	3	NA
179408	NA	20	NA
1795043	3	7	NA
1795053	10	17	NA
1795630	4	24	NA
1795631	10	27	NA
1795874	NA	7	NA
179636	25	17	24
1796613	63	362	56
1796616	17	264	16
1796997	NA	180	NA
1797140	NA	1	NA
1798085	NA	1	NA
18	NA	15	NA
180	4	NA	NA
1800	3	NA	NA
180252	NA	1	NA
180282	14	13	14
1804	4	5	NA
1804984	20	28	15
1805478	14	108	13
1805714	15439	1432	17851
1805827	1	12	NA
180586	NA	2	NA
1805956	NA	1	NA
1806885	5	20	NA
1806905	NA	8	NA
180850	NA	2	NA
180957	NA	8	NA
1810	2	NA	NA
1810504	3	29	NA
1811193	30	116	30
1812480	3	19	NA
1812934	NA	2	NA
1813	NA	35	NA
1814	8	NA	NA
1814128	72	110	71
1814958	NA	1	NA
1815631	NA	4	NA
1816218	17	13	16
1816219	7	7	NA
181663	4	NA	NA
1817	NA	19	NA
1821551	NA	1	NA
1821552	NA	1	NA
1821560	NA	2	NA
1821564	NA	1	NA
1821621	11	49	NA
1821749	NA	NA	11
182210	1	NA	NA
182217	NA	10	NA
1822464	NA	20	NA
182337	2	NA	NA
1823759	8	29	NA
1825069	152	242	140
1826170	NA	3	NA
182640	8	NA	NA
1827	NA	93	NA
182710	15	NA	NA
1827469	NA	16	NA
1827481	1	NA	NA
1829	NA	3	NA
1833	2	6	NA
1833852	6	24	NA
1834196	43	538	42
1834198	3	84	NA
1834200	172	1483	131
1834205	11	89	NA
1834207	14	212	14
1834519	10	101	NA
1835254	4	9	NA
1835721	3	4	NA
1836	5	NA	NA
1836467	15	69	15
1837283	2	10	NA
1838063	NA	1	NA
1838072	NA	8	NA
1838074	NA	4	NA
1838286	17	22	11
1839	NA	4	NA
183924	NA	5	NA
183963	NA	63	NA
183967	NA	9	NA
1839798	NA	1	NA
1839799	193	164	309
1839800	1	NA	NA
1839801	5	12	NA
184064	10	NA	10
1841249	4	24	NA
1841863	5	29	NA
184250	NA	174	NA
1842532	1	16	NA
1842533	18	14	13
1842534	3	11	NA
1842535	1	7	NA
1842536	15	23	11
1842537	18	22	14
1842539	6	24	NA
1842540	7	35	NA
1842727	14	26	15
1843368	2	12	NA
1844006	2	6	NA
1844477	NA	2	NA
1847	NA	70	NA
1847728	12	35	NA
1849031	1	1	NA
1849032	14	13	12
184914	5	NA	NA
184917	1	NA	NA
1849491	15	27	15
1849967	1	20	NA
185008	11	154	NA
1850246	14	104	14
1850250	7	11	NA
1850252	17	63	16
1850254	4	18	NA
1850526	28	128	24
1851505	NA	13	NA
1852	3	NA	NA
1852373	31	86	21
1852374	29	112	27
1852377	1509	2379	1501
185300	80	NA	69
1853130	8	12	NA
1853232	NA	74	NA
1853690	NA	4	NA
1854	NA	11	NA
1855519	2	7	NA
1855823	8	20	NA
185588	NA	1	NA
1856406	NA	1	NA
1856685	18	16	18
1857889	NA	2	NA
1858609	15	11	16
1859	5	NA	NA
1860099	NA	3	NA
1860100	NA	4	NA
1860122	9	31	NA
1861	4	NA	NA
186189	22	NA	21
186192	2	NA	NA
1863008	NA	NA	154
186328	NA	1	NA
186490	11	9	NA
1865	NA	15	NA
1866	10	NA	10
186764	NA	2	NA
186801	NA	228	NA
186802	NA	1081	NA
186803	NA	315	NA
186804	NA	22	NA
186806	NA	5	NA
186807	NA	40	NA
186813	NA	25	NA
1868135	3	2	NA
186814	NA	27	NA
186817	NA	177	NA
186818	NA	11	NA
186822	NA	27	NA
186823	NA	1	NA
186826	NA	1343	NA
186828	NA	55	NA
1868325	10	26	NA
1869170	NA	5	NA
1870930	NA	2	NA
1870984	20	118	16
187101	42	101	38
1871021	27	224	29
1871025	24	127	22
187137	4	NA	NA
187145	5	NA	NA
187272	NA	27	NA
1873	NA	23	NA
187303	10	24	NA
187304	2	1	NA
187327	2	NA	NA
1873524	NA	6	NA
1873887	NA	1	NA
1873895	NA	1	NA
187420	NA	3	NA
1874317	2	14	NA
187452	9	27	NA
1874630	NA	3	NA
187493	12	38	11
1878935	NA	1	NA
1879023	9	17	NA
1883	NA	337	NA
1883368	NA	1	NA
1883416	12	40	10
1884263	353	728	356
188708	NA	15	NA
188709	NA	12	NA
188711	NA	6	NA
1887644	NA	1	NA
1887647	NA	1	NA
1887655	NA	18	NA
188786	NA	12	NA
188787	NA	3	NA
1888	31	34	32
1888195	109	243	112
1889	8	7	NA
188908	8	NA	NA
188932	9	118	11
188937	NA	10	NA
1889813	8	116	NA
1890424	NA	21	NA
1890426	NA	6	NA
1890438	NA	1	NA
1891280	NA	2	NA
1891675	15	17	15
1891926	7	30	NA
1892404	1	NA	NA
1894	7	16	NA
189423	NA	269	NA
189425	6	12	NA
189426	8	10	NA
1896196	3	8	NA
1898684	7	3	NA
189918	NA	1	NA
19	7	NA	NA
1901	10	16	NA
190304	NA	258	NA
1903186	32	21	27
1903187	NA	3	NA
1903266	NA	1	NA
1903409	NA	8	NA
1903410	NA	21	NA
1903411	NA	35	NA
1903412	NA	39	NA
1903414	NA	51	NA
1903686	46	138	46
1903694	3	14	NA
1903704	8	50	NA
1904640	9	53	NA
190485	NA	2	NA
1904944	8	18	NA
1905730	NA	11	NA
1905847	7	17	NA
1906246	NA	7	NA
190650	NA	9	NA
1906738	1	17	NA
1906741	10	56	NA
1906742	8	15	NA
1907	2	18	NA
190721	15	16	17
1907766	4	7	NA
1908	1	NA	NA
190818	NA	1	NA
190893	29	42	27
1909395	8	50	NA
1909732	21	68	15
191	NA	22	NA
1911	1	NA	NA
1911586	25	100	18
1911587	10	61	NA
1912	6	45	NA
1912215	NA	1	NA
1912216	NA	138	NA
1912760	NA	4	NA
1912795	19	107	19
1912856	12	69	NA
191292	NA	1	NA
1913124	NA	1	NA
1913577	17	59	16
1913578	2	14	NA
191394	NA	4	NA
191412	NA	66	NA
191493	7	NA	NA
191495	6	NA	NA
1915	5	18	NA
1915078	2	5	NA
1915310	1	2	NA
191579	30	NA	19
191610	12	34	10
1916956	NA	17	NA
1917158	21	14	20
1917232	NA	1	NA
1917485	4	5	NA
1918522	NA	1	NA
192	10	43	NA
1920191	12	1	13
1920667	4	5	NA
192073	14	NA	11
1920753	NA	1	NA
1920774	NA	2	NA
1920883	1	7	NA
1921016	NA	2	NA
1921421	3	10	NA
1921510	2	9	NA
1922210	NA	1	NA
1922217	5	4	NA
1922243	NA	7	NA
1922611	NA	1	NA
1922871	NA	1	NA
1922991	NA	1	NA
1923487	NA	1	NA
192421	5	48	NA
1926	9	16	NA
1926494	5	29	NA
192843	7	NA	NA
193	4	2	NA
1930	4	NA	NA
1930532	4	18	NA
1930546	NA	5	NA
1930557	13	NA	NA
1930764	NA	3	NA
1931241	10	31	10
1932360	NA	4	NA
1933220	1	48	NA
1933880	8	15	NA
1933904	4	2	NA
1933912	NA	1	NA
193462	5	19	NA
1935	3	9	NA
1936029	NA	5	NA
1936080	25	74	23
1936081	26	107	22
1938374	NA	5	NA
1938604	38	56	27
1938605	NA	12	NA
1938606	10	12	10
1938607	1	7	NA
194	NA	957	NA
1940	3	25	NA
1940555	NA	1	NA
1940762	1	22	NA
1940790	NA	7	NA
1941349	2	6	NA
194424	1	NA	NA
194439	NA	15	NA
1944646	5	59	NA
1944648	NA	1	NA
1945512	12	19	10
1945662	1	12	NA
194699	NA	1	NA
194924	NA	1	NA
194963	2	5	NA
195	5	22	NA
195102	NA	1	NA
195103	NA	2	NA
195248	NA	2	NA
195253	5	20	NA
195498	NA	9	NA
195522	NA	5	NA
1955558	NA	1	NA
195950	NA	510	NA
196	12	39	11
196117	NA	2	NA
196118	NA	5	NA
196119	NA	2	NA
1961362	1	NA	NA
196162	7	27	NA
196164	NA	46	NA
1961713	2	7	NA
1962118	NA	3	NA
1962264	5	19	NA
1963268	NA	1	NA
1963271	NA	1	NA
1963360	NA	5	NA
1964449	2	4	NA
1965231	17	NA	NA
1967665	11	1	NA
196894	NA	187	NA
196895	NA	5	NA
196896	NA	5	NA
196914	4	NA	NA
197	529	27	50
1970189	NA	37	NA
1971	2	NA	NA
1971364	3	58	NA
197162	7	NA	NA
1972192	165	254	159
197221	NA	18	NA
1972846	NA	4	NA
1974213	3	22	NA
197614	35	NA	37
1978339	2	34	NA
1978566	8	15	NA
198	7	18	NA
1980001	14	13	13
1980922	NA	1	NA
198107	11	19	NA
198110	NA	16	NA
1981173	NA	3	NA
1981174	7	16	NA
198214	NA	1	NA
1982243	NA	2	NA
1982251	NA	1	NA
1982358	NA	NA	10
1982367	NA	223	NA
1982584	NA	NA	16
1982594	NA	4	NA
1982900	NA	4	NA
198467	3	9	NA
198541	NA	10	NA
1985873	8	26	NA
198620	13	24	10
1986204	3	20	NA
1986224	3	17	NA
198628	NA	3	NA
1986952	16	157	13
1987723	31	19	31
198804	NA	3	NA
199	4356	1778	4368
199201	NA	1	NA
199441	18	31	NA
199596	1	NA	NA
2	NA	22839	NA
200	67	NA	66
2001	12	NA	10
2003121	7	44	NA
2004	NA	3	NA
200450	4	NA	NA
200451	1	NA	NA
2005046	4	3	NA
2005525	NA	479	NA
2005703	19	76	NA
2006	7	NA	NA
200643	NA	1614	NA
200644	NA	239	NA
200667	NA	9	NA
200795	NA	3	NA
2008794	NA	35	NA
2009331	2	NA	NA
200991	NA	8	NA
201	15	4	14
201174	NA	101	NA
2013	NA	4	NA
2014	14	24	11
2020	4	NA	NA
2021	3	NA	NA
202746	NA	1	NA
202747	1	NA	NA
202752	NA	24	NA
202907	NA	41	NA
202947	NA	447	NA
203122	NA	35	NA
203123	NA	34	NA
203124	NA	10	NA
203135	NA	1	NA
203263	16	NA	15
203275	NA	1025	NA
2033	5	NA	NA
2034	NA	13	NA
203491	NA	296	NA
203492	NA	65	NA
203682	NA	1	NA
203692	NA	4	NA
203804	NA	3	NA
2039	NA	12	NA
203907	1	10	NA
204037	NA	47	NA
204038	14	NA	10
204042	28	7	28
2041	1	30	NA
204434	NA	13	NA
204441	NA	1	NA
204457	NA	33	NA
2045	23	31	18
204536	NA	6	NA
204669	NA	35	NA
2047	3260	NA	3247
204773	7	10	NA
2049	NA	177	NA
2051	31	NA	31
2053	NA	7	NA
2054	9	NA	NA
2055	7	9	NA
2057	9	NA	NA
205844	2	NA	NA
205914	NA	57	NA
2061	4	NA	NA
2062	NA	8	NA
206351	NA	696	NA
206379	NA	4	NA
206389	NA	23	NA
206403	1	11	NA
2066	6	NA	NA
206662	18	NA	28
206672	NA	1	NA
2070	NA	25	NA
207559	NA	19	NA
208216	2	NA	NA
208223	4	8	NA
208226	14	NA	10
208435	NA	16	NA
208439	2	9	NA
208596	26	44	18
208962	8	4	NA
209	NA	68	NA
209053	11115	NA	NA
2093	NA	192	NA
2094	10	38	NA
2095	1	2	NA
2096	16	14	NA
2097	NA	2	NA
2098	18	70	19
2099	4	NA	NA
210	18	77	19
2100	10	12	10
210007	NA	14	NA
2102	5	1	NA
2104	3	9	NA
2107	3	NA	NA
2109	1	9	NA
2110	10	3	NA
2111	10	NA	10
211110	NA	18	NA
2113	2	10	NA
2115	9	20	12
211586	NA	20	NA
2118	6	NA	NA
212035	18	4	NA
2123	5	6	NA
212663	7	NA	NA
212717	NA	20	NA
212767	2	23	NA
212790	NA	3	NA
2128	1	NA	NA
2129	NA	12	NA
213	2	15	NA
2130	2	NA	NA
213115	NA	21	NA
213118	NA	4	NA
213119	NA	7	NA
213121	NA	4	NA
2132	NA	67	NA
2133	1	2	NA
213421	NA	6	NA
213422	NA	1	NA
213554	7	4	NA
213849	NA	76	NA
214	5	NA	NA
2145	3	NA	NA
2147	NA	3	NA
2148	6	NA	NA
214856	183	NA	167
2151	5	6	NA
215591	15	NA	14
215689	4	12	NA
2157	NA	21	NA
215743	NA	14	NA
2158	NA	1	NA
215813	1	NA	NA
2159	NA	5	NA
2160	NA	13	NA
216142	1	3	NA
2162	NA	14	NA
216389	NA	2	NA
216432	NA	85	NA
216465	12	NA	11
216592	NA	5	NA
216594	NA	1	NA
216595	NA	3	NA
216596	NA	4	NA
216778	4	15	NA
216816	28	25	26
216933	3	NA	NA
216935	2	NA	NA
216936	4	NA	NA
216938	5	3	NA
216942	4	5	NA
216944	3	NA	NA
216945	4	NA	NA
216946	3	6	NA
217	3	NA	NA
217159	5	NA	NA
2172	NA	39	NA
217204	13	4	13
2173	129	7	NA
2175	NA	10	NA
2177	NA	13	NA
2182	NA	3	NA
2183	NA	5	NA
218491	NA	9	NA
218493	NA	1	NA
218495	NA	75	NA
218496	NA	3	NA
2191	NA	3	NA
2192	NA	2	NA
2194	NA	6	NA
219572	2	3	NA
22	NA	92	NA
2200	NA	7	NA
2206	NA	15	NA
220697	7	NA	NA
2207	NA	67	NA
2208	NA	11	NA
2209	NA	13	NA
221027	163	223	156
221109	NA	24	NA
221822	2	3	NA
221988	NA	1265	NA
222	NA	60	NA
222136	NA	31	NA
2225	NA	3	NA
2226	NA	12	NA
222805	NA	5	NA
222984	NA	2	NA
2232	NA	3	NA
223283	NA	5	NA
2234	NA	7	NA
2235	NA	1	NA
2237	NA	17	NA
2239	NA	4	NA
223926	NA	1	NA
223967	3	NA	NA
224027	NA	6	NA
2242	NA	1	NA
224324	NA	51	NA
224471	NA	29	NA
224719	NA	4	NA
224756	NA	3	NA
2249	NA	8	NA
224911	NA	1	NA
2251	NA	32	NA
225143	NA	13	NA
225194	3	NA	NA
225326	15	NA	18
225842	NA	8	NA
225848	3	3	NA
2259	NA	18	NA
225937	NA	4	NA
225992	19	29	16
226	NA	36	NA
2261	NA	3	NA
226185	NA	8	NA
226186	NA	295	NA
2263	NA	26	NA
2267	NA	15	NA
2268	NA	5	NA
227290	NA	21	NA
227292	NA	1	NA
2275	NA	2	NA
227598	NA	2	NA
227882	NA	25	NA
227941	NA	3	NA
228	8	NA	NA
2284	NA	2	NA
228400	NA	231	NA
228405	NA	25	NA
228410	NA	39	NA
2285	NA	220	NA
229545	1	NA	NA
230089	NA	12	NA
2301	NA	1	NA
2302	NA	1	NA
230355	NA	6	NA
230356	NA	5	NA
230361	NA	32	NA
230871	NA	1	NA
2309	NA	1	NA
231023	NA	1	NA
231454	NA	27	NA
231455	6	NA	NA
2316	NA	10	NA
232259	9	NA	NA
2325	2	9	NA
232721	12	7	11
2330	NA	6	NA
233055	4	NA	NA
2331	14	NA	12
233150	NA	1	NA
233181	7	6	NA
233316	NA	4	NA
233412	NA	2	NA
2335	NA	40	NA
234	NA	7	NA
2342	NA	1	NA
234267	NA	28	NA
234612	5	7	NA
234827	2	NA	NA
234831	4	1	NA
235	1	NA	NA
2350	26	NA	16
2352	2	NA	NA
235279	NA	12	NA
2358	6	NA	NA
235909	NA	1	NA
237	NA	270	NA
2371	7	27	NA
237609	5	14	NA
237610	8	12	10
238	56	304	57
238834	5	NA	NA
239934	NA	19	NA
239935	13	84	11
24	3	NA	NA
240015	NA	31	NA
240292	NA	2	NA
240426	NA	1	NA
240427	14	36	NA
240495	6	NA	NA
241244	5	31	NA
241425	1	NA	NA
2419	NA	4	NA
2420	NA	26	NA
2421	4	NA	NA
2422	NA	23	NA
242231	NA	28	NA
2423	1	8	NA
2424	3	NA	NA
2426	6	NA	NA
242619	NA	79	NA
242861	NA	1	NA
243090	NA	23	NA
243159	NA	1	NA
243164	NA	15	NA
243230	NA	26	NA
243232	NA	2	NA
243233	NA	32	NA
243243	NA	3	NA
243265	NA	20	NA
243272	NA	111	NA
243274	NA	1	NA
243275	NA	579	NA
2433	NA	5	NA
243365	NA	37	NA
2434	8	NA	NA
243899	5	25	NA
244366	12	4	11
244787	4	NA	NA
245188	1	10	NA
246194	NA	38	NA
246195	NA	235	NA
246197	NA	15	NA
246200	NA	26	NA
246273	5	1	NA
246432	8	31	NA
246787	164	1108	117
246969	NA	1	NA
247156	NA	4	NA
247523	21	3	20
248026	8	NA	NA
249402	9	NA	NA
251221	NA	28	NA
251229	NA	15	NA
251535	2	NA	NA
251542	1	NA	NA
251698	NA	3	NA
251701	1	NA	NA
252307	3	NA	NA
252356	NA	25	NA
252514	7	31	NA
252966	1	NA	NA
252970	1	NA	NA
253	104	137	48
253239	5	NA	NA
253245	17	NA	14
254250	NA	5	NA
254945	NA	1	NA
255247	11	9	NA
255248	NA	1	NA
256319	NA	15	NA
256618	3	NA	NA
256701	17	NA	17
257310	NA	2	NA
257708	6	32	NA
257758	21627	NA	23160
258224	6	NA	NA
258594	NA	2	NA
259354	2	NA	NA
259536	NA	5	NA
259537	18	NA	14
259564	NA	16	NA
259901	NA	6	NA
260552	6	20	NA
260714	2	NA	NA
260797	NA	1	NA
261164	8	31	NA
261292	3	31	NA
261302	6	NA	NA
261317	NA	2	NA
261524	2	NA	NA
261963	NA	9	NA
261964	6	NA	NA
262	NA	25	NA
262324	5	35	NA
262543	NA	11	NA
262724	NA	1	NA
262727	NA	276	NA
262768	NA	1	NA
263	21	3	14
263358	NA	10	NA
263819	9	5	NA
264	NA	1	NA
264198	NA	15	NA
264199	NA	1	NA
264202	NA	1	NA
264203	NA	2	NA
264445	NA	10	NA
264697	6	23	NA
264730	NA	2	NA
264731	NA	3687	NA
265	NA	3	NA
265072	NA	42	NA
265293	1	18	NA
265311	NA	1	NA
265570	NA	15	NA
265606	3	NA	NA
265960	2	7	NA
266	10	NA	NA
266009	6	NA	NA
266117	NA	35	NA
266264	NA	32	NA
266265	NA	44	NA
266779	5	15	NA
266835	NA	1	NA
266940	NA	21	NA
267128	2	10	NA
267747	NA	1	NA
267748	NA	8	NA
267818	5	NA	NA
267889	NA	4	NA
268739	NA	8	NA
268746	NA	1	NA
269261	1	NA	NA
269798	NA	154	NA
269799	NA	11	NA
269800	NA	18	NA
270	NA	27	NA
2702	25	66	16
270351	1	29	NA
271	7	NA	NA
271065	9	NA	NA
271097	7	NA	NA
271098	11	NA	NA
272123	NA	12	NA
272131	1	NA	NA
2724	1	NA	NA
272556	NA	82	NA
272558	NA	36	NA
272559	NA	97	NA
272560	NA	14	NA
272564	NA	13	NA
272567	NA	1	NA
272568	NA	10	NA
272622	NA	1	NA
272623	NA	40	NA
272624	NA	704	NA
272626	NA	6	NA
272630	NA	4	NA
272633	NA	19	NA
272635	NA	9	NA
272831	NA	11	NA
272843	NA	1	NA
272844	NA	10	NA
272942	NA	18	NA
273035	NA	6	NA
273036	NA	8	NA
273063	NA	9	NA
273068	NA	37	NA
273075	NA	2	NA
273116	NA	4	NA
273121	NA	37	NA
273133	NA	1	NA
273376	9	NA	NA
2734	10	NA	NA
273526	NA	1	NA
2737	NA	9	NA
274	NA	8	NA
2742	NA	55	NA
2743	13	5	12
274493	NA	24	NA
2745	NA	34	NA
274537	19	16	18
274539	10	NA	10
2747	NA	101	NA
2751	32	NA	22
277	2	NA	NA
278137	NA	2	NA
278148	NA	1	NA
278153	NA	10	NA
278197	NA	1	NA
278992	NA	5	NA
279058	24	19	14
279113	29	28	25
279238	NA	12	NA
279808	NA	7	NA
280	4	NA	NA
28025	8	24	NA
28026	1	NA	NA
28028	11	36	10
28031	10	7	10
28035	23	79	19
28037	156051	41786	162481
28038	16	20	12
28049	3	NA	NA
280505	NA	5	NA
28056	NA	4	NA
28065	NA	1	NA
28068	19	NA	14
28072	NA	11	NA
28091	924	2899	901
28095	17	19	15
28105	NA	12	NA
28108	22	14	17
281090	NA	7	NA
28110	7	17	NA
28112	8883	7022	8862
281120	7	NA	NA
28116	170	696	154
28118	325	NA	295
28123	606	NA	577
28129	3688	NA	3598
28131	9561	16596	9456
281310	NA	97	NA
28132	73692	NA	73479
28141	6	NA	NA
28151	8	NA	NA
28173	15	21	15
28187	7	NA	NA
28188	145	1	177
28196	NA	20	NA
28197	4	11	NA
28199	7	NA	NA
28209	NA	5	NA
28211	NA	335	NA
28216	NA	2262	NA
28221	NA	55	NA
28223	3	NA	NA
28227	13	NA	NA
28228	NA	26	NA
28229	18	NA	14
28231	NA	66	NA
28232	6	NA	NA
28251	75	507	64
28253	NA	13	NA
28256	NA	16	NA
28258	5	38	NA
28262	4	NA	NA
28264	21	NA	14
283	NA	4	NA
283165	NA	1	NA
283686	10	6	NA
283699	5	2	NA
283734	26	24	25
283811	21	NA	11
284016	5	NA	NA
28442	NA	2	NA
28446	20	NA	13
28447	25	28	25
28448	4	NA	NA
28450	12	42	NA
28452	NA	12	NA
28453	NA	262	NA
285	40	27	34
285091	6	NA	NA
285473	9	12	10
286	NA	454	NA
286104	NA	26	NA
286636	NA	1	NA
286802	7	NA	NA
287	29	67	26
288	10	NA	NA
288000	2	11	NA
288681	NA	5	NA
288705	NA	4	NA
28883	NA	44	NA
28890	NA	46	NA
28892	NA	13	NA
28895	NA	25	NA
288965	10	NA	10
28898	1	14	NA
28901	108	NA	614
28903	3	8	NA
289376	NA	29	NA
289377	NA	14	NA
29	NA	2	NA
290053	159	NA	141
290315	NA	33	NA
290317	NA	26	NA
290318	NA	9	NA
290338	NA	4	NA
290339	NA	1	NA
290340	NA	1	NA
290397	NA	7	NA
290398	NA	15	NA
290399	7	20	NA
290400	6	7	NA
290402	NA	11	NA
290425	NA	16	NA
290512	NA	29	NA
291112	33	14	36
291183	NA	14	NA
291272	NA	1	NA
291990	6	NA	NA
292	10	11	NA
292414	1	4	NA
292415	NA	24	NA
292459	NA	52	NA
292564	NA	46	NA
292566	1	NA	NA
292628	NA	4	NA
292691	NA	22	NA
292800	6	94	NA
292805	NA	1	NA
29287	NA	2	NA
292913	2	12	NA
29303	12	NA	15
293088	NA	2	NA
293089	3	NA	NA
29311	4	NA	NA
29320	NA	1	NA
29329	9	NA	NA
29341	10	65	NA
29343	5	63	NA
29360	31	NA	26
293614	NA	1	NA
293826	NA	74	NA
29385	9	14	11
29388	96	NA	94
29397	NA	14	NA
294	82	76	76
29405	12	NA	11
29423	8	NA	NA
29429	1	1	NA
29430	10	10	NA
29433	1	22	NA
294382	NA	3	NA
29447	3	4	NA
29449	8	8	12
29459	2	NA	NA
29466	35232	54821	35166
294671	NA	15	NA
294699	5	13	NA
29471	12	16	11
29483	19	NA	19
29485	39	12	28
29486	23	28	24
29487	NA	18	NA
29488	20	NA	NA
29494	4	NA	NA
29498	13	NA	NA
29510	2	NA	NA
29518	2	NA	NA
29521	NA	18	NA
29540	NA	6	NA
295405	NA	196	NA
29542	1	13	NA
29543	3	NA	NA
29546	4	12	NA
29547	NA	45	NA
29549	31	40	20
29554	11	39	11
29555	1	6	NA
29574	NA	31	NA
29575	5	31	NA
29580	NA	27	NA
296	8	8	NA
296591	18	22	18
297352	NA	73	NA
298338	NA	1	NA
298386	NA	26	NA
298653	6	30	NA
298654	2	20	NA
299262	2	8	NA
299583	NA	4	NA
299766	NA	1	NA
299767	3	NA	NA
300	12	8	NA
300019	4	16	NA
300231	8	NA	NA
300267	NA	3	NA
300268	NA	1	NA
300825	7	NA	NA
300852	NA	2	NA
301102	NA	3	NA
301297	NA	8	NA
301301	42	NA	35
302406	23	NA	21
302484	NA	2	NA
302485	NA	2	NA
302912	NA	4	NA
303	36	40	28
304895	8	NA	NA
305	29	52	34
306263	NA	1	NA
306537	NA	20	NA
308465	NA	1	NA
308754	3	5	NA
308853	NA	1	NA
308865	NA	1075	NA
309798	NA	14	NA
309799	NA	14	NA
309801	NA	32	NA
309803	NA	1	NA
309805	1	NA	NA
309806	2	NA	NA
309807	NA	5	NA
309887	10	NA	NA
31	NA	13	NA
310575	12	NA	NA
310783	3	NA	NA
311402	NA	21	NA
311403	NA	13	NA
311982	NA	4	NA
312277	26	NA	20
312306	3	NA	NA
312309	NA	22	NA
312540	NA	3	NA
313588	21	NA	20
313590	8	24	NA
313595	NA	156	NA
313596	NA	133	NA
313598	14	50	11
313602	NA	1	NA
313603	11	74	NA
313985	4	NA	NA
314146	NA	182	NA
314225	NA	6	NA
314260	NA	11	NA
314275	1310	9	1290
314282	31	13	20
314315	NA	44	NA
314722	7	36	NA
315358	1	12	NA
315405	56	9	68
315730	NA	4	NA
315749	NA	19	NA
316	71	41	63
316055	NA	12	NA
316056	NA	14	NA
316057	NA	13	NA
316058	NA	10	NA
316067	NA	9	NA
316068	60	NA	27
316275	NA	12	NA
316277	2	NA	NA
316278	NA	15	NA
316279	NA	2	NA
316284	NA	6	NA
317	10	6	NA
317025	NA	38	NA
317655	NA	6	NA
317878	NA	1	NA
317936	1	9	NA
318161	NA	14	NA
318167	NA	26	NA
318586	NA	13	NA
318683	1	6	NA
31909	3	NA	NA
319225	NA	23	NA
319236	6	2	NA
31953	NA	28	NA
31957	NA	641	NA
31958	3	16	NA
31964	NA	2	NA
31969	NA	6	NA
31977	NA	335	NA
31979	NA	68	NA
319795	NA	20	NA
31989	NA	55	NA
319938	8	31	NA
32	NA	37	NA
32002	16	17	NA
32003	NA	26	NA
32008	NA	182	NA
32009	NA	1	NA
32011	NA	18	NA
32020	NA	7	NA
32025	7	NA	NA
32033	NA	35	NA
32036	NA	1	NA
320389	NA	1	NA
32049	1	NA	NA
320497	1	9	NA
32051	NA	1	NA
32054	6	NA	NA
32064	NA	3	NA
32067	NA	448	NA
32069	NA	1	NA
320787	9	67	NA
320840	NA	2	NA
321	NA	2	NA
321327	4	6	NA
321332	NA	16	NA
321956	NA	2	NA
322019	NA	1	NA
32207	NA	1008	NA
322098	NA	1	NA
323097	NA	6	NA
323098	NA	6	NA
323259	NA	13	NA
323261	NA	7	NA
323415	21	NA	15
323449	NA	30	NA
323848	NA	21	NA
323850	NA	16	NA
324057	9	28	NA
324602	NA	2	NA
324767	4	NA	NA
324831	NA	10	NA
324925	NA	25	NA
325240	NA	1	NA
325775	1	3	NA
32604	NA	1	NA
326297	NA	20	NA
326298	NA	18	NA
326319	NA	84	NA
326320	8	NA	NA
326424	NA	30	NA
326425	NA	5	NA
326427	NA	15	NA
326442	NA	1	NA
326544	11	NA	10
327160	14	NA	NA
327984	NA	1	NA
328515	8	NA	NA
329	20	1	18
329380	NA	1	NA
329726	NA	22	NA
33	11	NA	10
330	4	1	NA
33002	13	NA	NA
33010	32	18	26
33014	NA	6	NA
330214	2	18	NA
33033	1750	2363	1739
33034	23	NA	23
33047	1	NA	NA
33050	NA	17	NA
33052	8	NA	NA
33055	NA	15	NA
33056	NA	10	NA
33057	NA	19	NA
33059	5	20	NA
33069	1	5	NA
33071	NA	9	NA
33072	2	NA	NA
330734	2	4	NA
33075	3	NA	NA
330922	4	NA	NA
331104	NA	11	NA
331113	NA	21	NA
331678	NA	29	NA
331978	NA	2	NA
332056	1	NA	NA
332163	5	NA	NA
332246	NA	8	NA
332249	7	NA	NA
332410	5	NA	NA
333849	NA	5	NA
334413	NA	141	NA
334543	6	NA	NA
335283	NA	13	NA
335284	NA	13	NA
335541	NA	37	NA
335543	NA	48	NA
335659	1	7	NA
335795	NA	1	NA
335928	NA	1	NA
335929	NA	22	NA
335992	NA	1	NA
336261	8	NA	NA
336810	7	15	NA
337	3	34	NA
337090	5	NA	NA
337191	4	16	NA
337330	NA	2	NA
338	NA	44	NA
338187	NA	6	NA
338191	NA	1	NA
338217	NA	1	NA
338473	NA	61	NA
338565	5	NA	NA
33871	4	NA	NA
33882	NA	37	NA
33886	NA	2	NA
33888	12	14	11
338963	NA	33	NA
338966	NA	26	NA
338969	NA	27	NA
339	22	19	20
33903	9	NA	11
33905	10	NA	10
33910	7	65	NA
33926	NA	2	NA
339268	5	NA	NA
33934	10	5	NA
33940	1	16	NA
33941	3	1	NA
33943	9	NA	NA
33952	3	NA	NA
33958	NA	58	NA
33959	17	13	NA
33964	4	1	NA
33967	NA	3	NA
339670	NA	2	NA
339671	NA	1016	NA
33970	28	34	25
33986	NA	62	NA
33989	NA	7	NA
33990	NA	11	NA
33993	NA	8	NA
33995	2	3	NA
33996	3	NA	NA
34	1	NA	NA
340	NA	3	NA
340047	NA	1	NA
34008	NA	9	NA
340177	NA	28	NA
34018	6	NA	NA
34019	NA	3	NA
34020	6	NA	NA
34021	3	4	NA
34029	18	NA	14
340345	5	22	NA
34037	NA	27	NA
34038	14	NA	12
34062	16	88	24
34064	NA	12	NA
34067	NA	13	NA
34072	NA	9	NA
34073	34	19	28
34085	254	1841	248
34090	1	NA	NA
34098	NA	61	NA
341029	NA	1	NA
341045	9	NA	NA
34105	117	NA	99
342108	NA	37	NA
342113	3	17	NA
342409	NA	1	NA
342564	NA	1	NA
342610	NA	8	NA
342949	NA	3	NA
343	4	8	NA
343509	NA	10	NA
345201	NA	1	NA
345219	NA	2	NA
345632	1	16	NA
346	1	NA	NA
347	4	10	NA
347202	NA	3	NA
347253	NA	81	NA
347327	NA	3	NA
348780	NA	4	NA
348824	NA	12	NA
349101	NA	1	NA
349102	NA	15	NA
349106	5	40	NA
349124	NA	19	NA
349161	NA	45	NA
349163	NA	3	NA
349215	NA	4	NA
349221	6	20	NA
349519	NA	15	NA
349520	NA	3	NA
349521	NA	25	NA
349741	NA	3	NA
349751	15	NA	16
350054	NA	1	NA
350058	NA	5	NA
350688	NA	99	NA
351052	15	NA	10
351091	10	NA	NA
351160	NA	11	NA
351348	NA	5	NA
351604	8	NA	NA
351605	NA	33	NA
351607	NA	14	NA
351627	NA	23	NA
351671	25	16	19
351679	19	17	19
351745	NA	1	NA
352	NA	3	NA
35237	NA	1	NA
35243	NA	5	NA
352888	NA	1	NA
353	7	NA	NA
353496	NA	1	NA
354	23	12	15
354276	NA	31	NA
354356	12	NA	11
355246	NA	1	NA
35554	NA	10	NA
356	NA	106	NA
357	NA	10	NA
35701	21	NA	18
35703	18	9	18
357244	NA	1	NA
357276	345	NA	340
35746	NA	2	NA
35755	11	38	11
357794	16	NA	14
357804	NA	36	NA
357808	3	29	NA
357809	NA	227	NA
35786	7	NA	NA
35794	NA	2	NA
35795	5	NA	NA
35798	NA	6	NA
35799	10	NA	NA
358	6	5	NA
358023	NA	4	NA
35806	5	15	NA
35814	12	7	NA
358220	14	18	14
358681	NA	49	NA
359	3	5	NA
359303	8	NA	11
359407	NA	3	NA
359408	14	NA	NA
360104	NA	2665	NA
360105	NA	233	NA
360107	NA	65	NA
360109	NA	5	NA
360910	NA	14	NA
360911	5	42	NA
361177	NA	6	NA
361183	2	14	NA
361575	3	NA	NA
362257	37	16	34
362837	5	9	NA
362948	NA	1	NA
362976	NA	2	NA
363408	NA	119	NA
364317	18	NA	165
364410	8	14	NA
365044	NA	16	NA
365046	NA	27	NA
365348	NA	81	NA
365349	14	NA	13
365617	7	NA	NA
365659	NA	13497	NA
366394	NA	19	NA
366522	NA	23	NA
366602	13	17	13
366648	4	NA	NA
367188	NA	13	NA
367189	228	NA	NA
367190	6	13	NA
36745	18	47	17
36746	2	NA	NA
367477	8	10	10
367806	2	NA	NA
367825	NA	4	NA
367928	NA	1	NA
36805	12	27	11
36809	5	21	NA
36814	9	NA	NA
36826	NA	7	NA
36831	NA	6	NA
368407	NA	2	NA
368408	NA	4	NA
36853	NA	44	NA
36854	9	NA	NA
36861	13	NA	12
36870	NA	1	NA
36873	8	NA	NA
369723	NA	12	NA
370323	125	NA	NA
370405	14	NA	NA
370565	NA	5	NA
370569	NA	1	NA
372461	NA	2	NA
372663	25	NA	21
373	2	NA	NA
373153	NA	51	NA
37326	10	NA	NA
37329	9	34	11
37330	3	NA	NA
37332	6	22	NA
373406	NA	1	NA
37372	1	12	NA
373903	NA	30	NA
373994	1	19	NA
374	NA	46	NA
374106	7	NA	NA
374463	NA	1	NA
374833	NA	205	NA
374847	NA	6	NA
37487	8	NA	NA
374981	4	2	NA
374982	NA	1	NA
375	3	11	NA
375175	4	44	NA
375286	7	27	NA
375288	NA	51	NA
375451	NA	4	NA
375929	7	NA	NA
376	61	2	35
37636	3	NA	NA
376489	4	34	NA
376686	NA	115	NA
376805	318	NA	307
37692	1	6	NA
37734	2	NA	NA
377615	4	NA	NA
377629	NA	26	NA
378753	NA	39	NA
378806	NA	30	NA
379	NA	47	NA
379064	5	NA	NA
379066	NA	27	NA
379067	37	NA	36
37919	11	16	13
37927	9	25	NA
379347	1	NA	NA
379546	NA	1	NA
379899	NA	70	NA
380	1	3	NA
380021	6	12	NA
38018	NA	1	NA
38027	NA	1	NA
380358	NA	17	NA
380703	NA	2	NA
380749	NA	1	NA
381	3	1	NA
381666	NA	6	NA
381754	NA	6	NA
381764	NA	31	NA
382	3	4	NA
382245	NA	5	NA
382359	NA	7	NA
38289	10	3	NA
38293	22	1	21
38300	1	8	NA
38305	18	NA	21
38323	6	4	NA
383372	NA	15	NA
383629	NA	1	NA
384	4	6	NA
384616	NA	1	NA
384676	NA	3	NA
384848	NA	3	NA
385025	NA	7	NA
38504	NA	1	NA
386	NA	1	NA
386043	NA	21	NA
386415	NA	41	NA
386487	3	NA	NA
386891	13	100	12
387092	NA	17	NA
387093	2	8	NA
387342	NA	1	NA
387425	NA	1	NA
387631	NA	8	NA
388357	NA	1	NA
388396	NA	3	NA
388452	NA	1	NA
388640	2	NA	NA
388919	NA	7693	NA
388950	9	99	NA
389348	NA	11	NA
38986	13	NA	NA
39	NA	4	NA
390235	NA	7	NA
390333	NA	2	NA
390884	8	NA	NA
391008	NA	5	NA
391036	1	1	NA
391037	NA	11	NA
391038	NA	26	NA
39152	NA	8	NA
391595	NA	4	NA
391616	NA	4	NA
391626	NA	7	NA
391735	NA	25	NA
391774	NA	4	NA
391904	NA	6	NA
391936	NA	32	NA
392416	15	17	15
392499	NA	6	NA
392500	NA	8	NA
392733	NA	1	NA
392734	15	NA	14
393305	NA	1	NA
393480	NA	1	NA
394	NA	9	NA
394221	NA	16	NA
39441	NA	3	NA
394503	NA	32	NA
39485	33	NA	32
39491	45	NA	42
394958	17	22	15
395491	NA	3	NA
395492	NA	5	NA
395494	NA	41	NA
395495	NA	65	NA
395922	17	NA	15
395960	NA	3	NA
395961	1	15	NA
395962	NA	6	NA
395963	NA	25	NA
395965	NA	8	NA
396	1	6	NA
39637	NA	1	NA
39645	NA	15	NA
396588	NA	20	NA
396595	7	15	NA
397260	4	NA	NA
39765	6	NA	NA
39768	4	NA	NA
397865	276	NA	235
397945	NA	15	NA
397948	NA	4	NA
398511	NA	36	NA
398527	NA	13	NA
398577	NA	2	NA
398578	NA	4	NA
398579	NA	10	NA
398580	NA	13	NA
398743	9	NA	NA
398767	NA	37	NA
399	3	8	NA
399320	NA	20	NA
399497	26	55	24
39950	1058	1241	1055
399550	NA	2	NA
399599	NA	5	NA
39960	9	7	NA
399739	NA	3	NA
399741	NA	3	NA
399742	7	7	NA
399804	NA	2	NA
400092	23	130	13
40041	NA	205	NA
400634	NA	33	NA
400668	10	21	12
400673	NA	1	NA
401053	NA	41	NA
40137	1	7	NA
401472	11	21	10
401614	NA	1	NA
401619	2	NA	NA
40214	13	NA	12
40215	9	9	12
40222	NA	11	NA
402384	3	26	NA
402626	NA	11	NA
40269	27	NA	27
40272	NA	8	NA
402881	NA	37	NA
402882	NA	1	NA
403	NA	5	NA
40323	NA	44	NA
40324	44	37	39
403833	NA	32	NA
403957	7	9	NA
404011	25	NA	NA
404380	NA	10	NA
404583	NA	3	NA
404589	3	26	NA
40480	NA	3	NA
405	24	NA	19
405041	NA	2	NA
405212	6	NA	NA
405416	NA	2	NA
40542	324	NA	316
405440	NA	2	NA
405531	NA	3	NA
40567	13	NA	13
40576	26	18	18
40577	25	NA	20
406327	NA	11	NA
406425	NA	11	NA
406818	NA	8	NA
407	NA	43	NA
407020	9	12	NA
407035	6	34	NA
40754	5	14	NA
407976	NA	1	NA
408	28	5	19
408015	4	10	NA
409026	NA	29	16
409322	27	NA	25
409438	NA	2	NA
41	7	NA	NA
410330	7	NA	NA
410358	NA	22	NA
411153	17	NA	14
411154	NA	64	NA
411555	NA	1	NA
412418	NA	1	NA
412419	NA	2	NA
412593	3	NA	NA
412690	18	16	NA
41275	NA	18	NA
41276	1	NA	NA
41294	NA	15	NA
41295	NA	16	NA
412963	13	NA	11
412965	NA	8	NA
41297	NA	41	NA
413066	NA	126	NA
413404	NA	5	NA
413496	NA	19	NA
413497	8	NA	NA
413501	7	NA	NA
413502	6	NA	NA
413503	2	7	NA
413816	NA	2	NA
413882	21	53	17
413889	1	NA	NA
413996	NA	1	NA
414	9	NA	NA
41431	2	NA	NA
414684	NA	38	NA
414771	2	23	NA
414778	7	5	NA
41514	NA	2	NA
415229	5	NA	NA
415426	NA	10	NA
416	NA	9	NA
416269	NA	28	NA
416916	NA	3241	NA
417290	NA	26	NA
418223	1	16	NA
418699	1	2	NA
41899	2	4	NA
419475	7	10	NA
419610	NA	5	NA
419665	NA	4	NA
420246	NA	1	NA
420662	NA	31	NA
421	6	NA	NA
42239	4	NA	NA
42253	2	15	NA
42255	NA	5	NA
42256	5	29	NA
423211	NA	3	NA
42323	NA	2	NA
423605	4	NA	NA
424182	NA	1	NA
42422	5	NA	NA
42443	4	NA	NA
425104	NA	6	NA
426117	3	26	NA
426355	NA	1	NA
426368	NA	2	NA
42684	2	NA	NA
427923	1	NA	NA
42817	53	NA	52
42838	3	NA	NA
428406	NA	2	NA
42862	2	NA	NA
429009	NA	29	NA
430522	4	115	NA
43080	NA	5	NA
431306	NA	1	NA
432329	3	NA	NA
43263	4	13	NA
433	NA	32	NA
43305	21	NA	16
43357	9	NA	NA
434	NA	11	NA
434271	NA	29	NA
434923	NA	1	NA
435	8	12	NA
435590	NA	542	NA
435591	NA	2378	NA
435897	7	41	NA
436114	2	19	NA
43657	20	25	16
43658	8	22	NA
43662	9	17	NA
43668	NA	9	NA
43669	17	NA	16
43674	5	NA	NA
43675	8688	6292	8679
43687	NA	6	NA
43767	4	NA	NA
43770	14	17	16
43771	12	38	10
438	69	16	NA
438753	NA	7	NA
439235	NA	55	NA
43928	NA	1	NA
439292	NA	20	NA
439334	NA	1	NA
439375	NA	1	NA
439386	NA	5	NA
43948	11	NA	NA
439481	NA	12	NA
439855	NA	1	NA
43988	NA	34	NA
43989	4	13	NA
44000	NA	55	NA
44001	6	NA	NA
44012	8	NA	NA
44013	NA	2	NA
44088	NA	2	NA
441	NA	10	NA
441620	NA	10	NA
441768	NA	28	NA
442	7	8	NA
44249	NA	241	NA
44251	6	16	NA
44255	3	NA	NA
44275	NA	2	NA
44283	NA	133	NA
443143	NA	27	NA
443144	6	14	NA
443218	NA	18	NA
443254	NA	1	NA
443906	NA	3	NA
444	NA	5	NA
444103	2	26	NA
444158	NA	2	NA
444178	NA	1	NA
444444	NA	13	NA
44449	1	NA	NA
445	NA	17	NA
445576	5	7	NA
445686	NA	1	NA
445709	7	23	NA
445710	8	29	NA
44574	14	23	NA
44577	9	22	NA
445932	NA	42	NA
446	9	27	NA
446462	NA	27	NA
446465	NA	39	NA
446466	NA	26	NA
446468	NA	1	NA
446469	NA	26	NA
446470	NA	32	NA
446471	NA	14	NA
446529	NA	1	NA
446660	3	NA	NA
446683	3	NA	NA
44674	9	NA	NA
446860	16	37	13
44688	NA	2	NA
447217	1	1	NA
44742	4	26	NA
447471	3	NA	NA
447909	NA	2	NA
448385	NA	31	NA
449	1	13	NA
44930	NA	1	NA
449447	NA	17	NA
450	10	21	11
450378	9	13	10
450734	14	NA	12
450851	NA	14	NA
451	3	6	NA
45243	236	2121	332
452471	NA	60	NA
452637	NA	52	NA
452638	NA	10	NA
452652	NA	29	NA
452863	NA	11	NA
453230	14	NA	NA
453304	6	23	NA
453591	NA	3	NA
45362	10	NA	NA
453816	4	NA	NA
45401	NA	1	NA
45404	NA	1	NA
455488	NA	5	NA
455632	NA	13	NA
45610	11	14	NA
456320	NA	1	NA
456327	NA	1	NA
45634	1799	NA	1800
456442	NA	8	NA
456481	NA	1	NA
45658	29	19	29
45663	3	NA	NA
45667	NA	9	NA
456827	11	NA	NA
457405	NA	404	NA
457570	NA	32	NA
458033	1	NA	NA
458233	NA	3	NA
458639	NA	1	NA
458817	NA	14	NA
459349	NA	53	NA
459420	NA	1	NA
459424	NA	5	NA
45972	17	NA	13
45989	NA	22	NA
460265	NA	41	NA
46170	NA	1	NA
461876	9	NA	NA
46234	1	8	NA
46255	NA	8	NA
463014	11	17	NA
463024	1	NA	NA
463025	12	18	10
463040	18	19	14
46354	9	NA	NA
46355	6	NA	NA
46429	4	NA	NA
46541	NA	2	NA
465515	NA	48	NA
465541	NA	35	NA
465721	2	37	NA
465817	NA	18	NA
466153	6	NA	NA
46631	NA	1	NA
467094	15	NA	15
467705	NA	355	NA
468	NA	52	NA
46867	15	NA	10
469	NA	132	NA
469371	NA	35	NA
469378	NA	43	NA
469382	NA	6	NA
469383	NA	35	NA
469602	NA	719	NA
469604	NA	578	NA
469607	NA	295	NA
470	25	50	11
470934	5	NA	NA
471	7	5	NA
471223	3	13	NA
471821	NA	10	NA
471827	4	NA	NA
471852	NA	40	NA
471853	NA	59	NA
471854	NA	174	NA
471855	NA	91	NA
471856	NA	29	NA
471857	NA	18	NA
472175	2	6	NA
47251	NA	4	NA
472569	20	43	23
472759	NA	23	NA
472966	NA	1	NA
47311	NA	11	NA
473421	NA	1	NA
47420	NA	3	NA
47466	4	2	NA
475	NA	140	NA
475178	NA	84	NA
475375	3	4	NA
476157	1	6	NA
476213	NA	1	NA
476281	NA	6	NA
47715	5	19	NA
477245	NA	2	NA
47735	447	1087	401
47763	8	35	NA
477641	8	26	NA
477974	NA	20	NA
477976	2	NA	NA
478070	NA	14	NA
47834	1	NA	NA
47850	2	NA	NA
47877	1	NA	NA
47878	21	9	10
47879	NA	8	NA
47880	5	NA	NA
478801	NA	23	NA
47885	5	14	NA
47917	26	57	21
479431	NA	26	NA
479432	NA	29	NA
479433	NA	39	NA
479434	NA	23	NA
479435	NA	31	NA
479436	NA	8482	NA
479437	NA	9	NA
48	15	38	11
480	18	87	17
48003	3	20	NA
480520	4	37	NA
48073	NA	13	NA
481	NA	1358	NA
481145	NA	106	NA
481146	NA	3	NA
481448	NA	6	NA
481743	7	38	NA
482	NA	52990	NA
482462	3	6	NA
482564	3	NA	NA
482957	3	9	NA
48296	18	13	18
483219	NA	8	NA
483266	NA	1	NA
483547	4	38	NA
483913	NA	3	NA
484019	NA	12	NA
484020	NA	2	NA
484429	4	12	NA
484770	33	135	25
485	3610	1965	3947
485914	NA	1	NA
485915	NA	19	NA
485916	NA	44	NA
485917	NA	99	NA
485918	NA	262	NA
486	6547	3444	6450
486410	NA	15	NA
48664	7	6	NA
487	20628	8136	20448
487213	NA	16	NA
487214	NA	387	NA
487316	2	11	NA
48736	NA	32	NA
488124	NA	2	NA
488221	NA	130	NA
488222	NA	67	NA
488223	NA	177	NA
488446	1	3	NA
488447	2	10	NA
488538	NA	13	NA
488546	2	NA	NA
488729	NA	2	NA
488731	5	2	NA
488732	3	3	NA
48935	6	1	NA
489653	NA	1135	NA
49	NA	6	NA
490	43436	44284	43244
490759	5	4	NA
49082	NA	42	NA
491	NA	1	NA
491077	NA	2	NA
491915	NA	2	NA
491952	NA	9	NA
492670	6	4	NA
49319	1	NA	NA
49338	12	50	NA
495	45031	NA	44929
49546	NA	6255	NA
49547	NA	7	NA
497	NA	74	NA
497724	2	1	NA
497725	8	12	NA
497965	NA	14	NA
498211	NA	26	NA
498213	NA	3	NA
498214	NA	11	NA
498742	NA	4	NA
498761	NA	38	NA
498848	NA	9	NA
499229	22	NA	10
499555	13	13	12
500	1	NA	NA
50052	2	NA	NA
502025	NA	46	NA
502394	4	NA	NA
502558	3	32	NA
502682	2	3	NA
502800	NA	2	NA
504090	NA	28	NA
504474	NA	2	NA
504728	NA	23	NA
506	NA	107	NA
507626	NA	6	NA
507753	NA	3	NA
507754	2850	NA	NA
508419	NA	1	NA
509190	NA	13	NA
511	22	48	19
511051	NA	15	NA
511062	2	19	NA
511435	91	193	64
511437	NA	7	NA
511678	NA	8	NA
511691	NA	31	NA
511745	NA	11	NA
51197	3	NA	NA
511995	NA	363	NA
51229	2	NA	NA
512564	NA	13	NA
512565	NA	29	NA
512566	NA	283	NA
512763	12	96	13
513050	2	NA	NA
51365	6	NA	NA
51368	NA	1	NA
515618	NA	1	NA
515619	NA	232	NA
515620	NA	183	NA
515622	NA	93	NA
515635	NA	7	NA
516051	22	115	18
51663	16	24	13
51665	21	30	19
51669	16	66	16
516950	NA	145	NA
517	NA	95	NA
517417	NA	15	NA
517418	NA	38	NA
518	27	1	33
518635	NA	7	NA
518766	NA	3	NA
519	2	2	NA
519441	NA	297	NA
519442	NA	10	NA
519472	213	85	129
52	3	38	NA
520	1	NA	NA
52022	5	NA	NA
521	9	NA	NA
521011	NA	9	NA
521045	NA	20	NA
521095	NA	3620	NA
521096	NA	27	NA
521097	NA	2573	NA
521098	NA	21	NA
521460	NA	1	NA
521674	NA	49	NA
522	NA	10	NA
52227	1685	NA	1657
522306	NA	69	NA
52242	4	2	NA
522772	NA	61	NA
523791	NA	15	NA
523794	NA	592	NA
523841	NA	7	NA
523843	NA	3	NA
523844	NA	2	NA
523845	NA	2	NA
523846	NA	11	NA
523850	NA	6	NA
525146	NA	29	NA
52584	6	27	NA
525897	NA	27	NA
525898	NA	25	NA
525903	NA	74	NA
525904	NA	23	NA
525909	NA	9	NA
525919	NA	50	NA
526218	NA	182	NA
526222	NA	47	NA
526224	NA	36	NA
526225	NA	29	NA
526226	NA	15	NA
526227	NA	21	NA
526945	NA	4	NA
526977	NA	1	NA
527021	NA	1	NA
52773	2944	7848	2906
528	NA	12	NA
528191	13	28	NA
528244	9	21	NA
528314	NA	1	NA
528354	NA	10	NA
529	8	9	NA
529120	NA	2	NA
529122	NA	1	NA
529507	NA	1	NA
52959	NA	41	NA
52972	NA	3	NA
529883	NA	1	NA
529884	1	6	NA
530564	NA	29	NA
531813	2	NA	NA
531844	63	744	53
53246	NA	59	NA
533	4	NA	NA
53335	NA	21	NA
53336	14	35	12
53345	19	19	17
53346	19	NA	14
53354	NA	44	NA
53358	11	NA	NA
53399	13	3	13
53408	14	33	11
53412	7	NA	NA
53433	NA	5	NA
53434	NA	2	NA
53437	13	NA	12
53444	7	23	NA
53461	13	NA	13
535	NA	58	NA
535289	NA	6	NA
535712	4	9	NA
535744	4	NA	NA
536	28	NA	23
536019	NA	7	NA
536227	NA	29	NA
53635	5	NA	NA
536453	NA	1	NA
53707	NA	4	NA
537457	NA	90	NA
537874	NA	47	NA
537971	NA	4	NA
537973	NA	3	NA
538025	NA	10	NA
53945	NA	11	NA
53946	2	NA	NA
541000	NA	26	NA
542	12	1	NA
54258	NA	1	NA
54262	710	1	NA
54291	30	31	31
54299	4	NA	NA
543	NA	406	NA
543371	NA	2	NA
543526	NA	3	NA
543728	NA	14	NA
543736	NA	4	NA
543877	4	10	NA
54388	NA	3	NA
543891	NA	2	NA
543913	10	4	NA
544	NA	7	NA
544448	NA	1	NA
544580	12740	12164	12733
545	2	NA	NA
545123	6	33	NA
545694	NA	91	NA
545695	NA	81	NA
54571	13	41	12
546	27	11	22
546263	NA	36282	NA
546269	NA	598	NA
546271	NA	842	NA
546414	NA	12	NA
547	NA	12	NA
547043	NA	4	NA
547188	13	NA	NA
54736	3	7	NA
547558	NA	6	NA
547559	NA	2	NA
548	9	17	NA
548476	NA	19	NA
548479	NA	124	NA
549	11	5	10
550	36	24	27
550540	NA	52	NA
551	NA	12	NA
551115	NA	1	NA
551760	4	NA	NA
55197	20	NA	18
552	7	1	NA
55205	1	NA	NA
55206	3	NA	NA
55208	11	NA	12
552526	NA	29	NA
552810	2	NA	NA
552811	NA	18	NA
553	18	23	18
553174	NA	55159	NA
553190	NA	13	NA
553239	9	16	NA
553468	NA	1	NA
553482	NA	88	NA
553510	24	18	22
554	32	6	30
555079	NA	49	NA
55508	17	NA	10
55510	NA	1	NA
55518	5	NA	NA
555217	NA	8	NA
555387	NA	1	NA
555778	NA	15	NA
55583	2	NA	NA
55601	31	16	26
556325	13	18	14
55758	NA	14	NA
557598	NA	93	NA
557599	NA	3	NA
557600	NA	2	NA
557722	NA	2	NA
557723	NA	65	NA
557724	NA	1	NA
558016	NA	2	NA
558173	NA	31	NA
558314	NA	1	NA
558964	2	NA	NA
56	28	23	26
561	NA	9	NA
56107	NA	1	NA
56110	NA	21	NA
56112	NA	40	NA
561230	NA	3	NA
561231	NA	6	NA
561276	NA	146	NA
561879	7	5	NA
562	96	109	88
562742	NA	2	NA
562970	NA	42	NA
562971	NA	5	NA
563	10	NA	NA
563040	NA	12	NA
563798	NA	76	NA
563835	NA	103	NA
563843	NA	13	NA
564	7	NA	NA
564064	8	72	NA
56426	1	NA	NA
56458	14	23	NA
56460	4	3	NA
565033	NA	7	NA
565040	NA	2	NA
565042	NA	1	NA
565140	NA	1	NA
565575	NA	10	NA
565655	NA	14	NA
566552	NA	10	NA
56688	NA	9	NA
56730	1	9	NA
56780	NA	39	NA
56812	8	NA	NA
568814	NA	8	NA
568816	NA	124	NA
569	9	7	NA
56956	2	6	NA
56957	2	NA	NA
570	NA	76	NA
57029	10	NA	NA
570416	NA	1	NA
571	6	6	NA
571256	1	2	NA
571800	NA	3	NA
571913	18	33	12
571915	5	98	NA
572477	NA	23	NA
572478	NA	1	NA
572479	NA	38	NA
572480	NA	25	NA
572544	NA	147	NA
572546	NA	7	NA
572547	NA	190	NA
573	17	58	12
573061	NA	80	NA
573063	NA	1	NA
573064	NA	1	NA
573065	NA	22	NA
573171	NA	5	NA
573174	NA	1	NA
573370	NA	35	NA
573413	NA	74	NA
573569	4	7	NA
573570	3	9	NA
57372	1	2	NA
573737	1	3	NA
574087	NA	28	NA
574556	NA	3	NA
574560	22	NA	16
57493	NA	12	NA
575200	18	NA	16
575540	NA	40	NA
575614	NA	41137	NA
575788	NA	6	NA
576610	5	NA	NA
576611	4	7	NA
57665	NA	46	NA
57678	NA	1	NA
57706	7	NA	NA
57723	NA	6	NA
577650	NA	45	NA
579137	NA	8	NA
579138	NA	13	NA
57975	9	9	NA
580033	NA	5	NA
580165	8	NA	NA
580327	NA	11	NA
580331	NA	1	NA
580332	NA	41	NA
580340	NA	92	NA
58049	18	5	14
581103	3	1	NA
58138	5	NA	NA
58180	14	NA	NA
582	12	52	13
582402	NA	27	NA
582419	NA	4	NA
582744	NA	4	NA
582899	NA	4	NA
583	NA	65	NA
583345	NA	7	NA
583355	NA	19	NA
583357	3	NA	NA
583358	NA	5	NA
584	22	18	17
584721	NA	12	NA
585054	NA	9	NA
585057	NA	7	NA
585394	NA	195	NA
585423	5	9	NA
585425	2	4	NA
586	NA	14	NA
58620	NA	5	NA
586416	18	32	17
587	39	30	35
587753	6	12	12
588	43	31	43
588319	NA	4	NA
588898	NA	6	NA
588932	1	11	NA
589436	4590	NA	4401
589865	NA	18	NA
589873	6	10	NA
590	NA	5	NA
590409	NA	6	NA
590998	NA	24	NA
591001	NA	165	NA
591019	NA	6	NA
591154	1	NA	NA
591197	2	NA	NA
591365	NA	118	NA
59201	NA	12	NA
592029	NA	77	NA
59203	NA	4	NA
59204	NA	5	NA
592316	2	10	NA
59241	NA	1	NA
59310	33	NA	32
59374	NA	186	NA
593750	NA	1	NA
593907	NA	23	NA
594679	6	2	NA
59505	13	162	10
595494	NA	77	NA
595537	NA	35	NA
595593	10	21	NA
59600	11	NA	NA
59610	2	NA	NA
596153	NA	3	NA
596154	NA	1	NA
59732	NA	1153	NA
59748	5	6	NA
59753	NA	51	NA
598659	NA	9	NA
59919	NA	2	NA
59930	4	NA	NA
600809	NA	4	NA
60217	2	NA	NA
604162	NA	123	NA
604354	NA	3	NA
60478	13	NA	11
60480	3	1	NA
60481	7	3	NA
60520	3	10	NA
60550	NA	6	NA
60552	3	10	NA
608506	NA	2	NA
608538	NA	22	NA
60890	9	8	NA
60893	1	NA	NA
60920	28	NA	22
60961	7	NA	NA
610130	NA	384	NA
61015	15	18	13
611301	NA	1	NA
613	NA	64	NA
614	14	8	11
61432	NA	2	NA
61434	NA	10	NA
61435	2	12	NA
615	48	20	47
61624	18	41	13
61635	44	70	44
61645	18	5	17
61646	4	13	NA
61647	15	23	10
61648	15	16	11
61652	2	1	NA
617121	NA	111	NA
620	NA	1	NA
621	NA	1	NA
62140	2	NA	NA
621456	NA	1	NA
622	1	NA	NA
622488	2	NA	NA
622759	NA	1	NA
623	1	3	NA
62320	NA	1	NA
62322	33	5	26
624186	6	NA	NA
626	NA	39	NA
626418	NA	4	NA
627192	4	15	NA
627344	NA	1	NA
628	14	NA	14
629	NA	47	NA
62928	1	3	NA
62977	6	33	NA
630	41	11	37
630129	10	1	NA
630588	NA	152	NA
630626	NA	31	NA
631	NA	6	NA
63186	14	122	15
632	12	2	NA
632292	NA	6	NA
632335	NA	1	NA
632348	NA	1	NA
632518	NA	6	NA
632772	NA	9	NA
632773	3	28	NA
633	6	10	NA
633135	NA	1	NA
633147	NA	116	NA
633148	NA	2	NA
633149	NA	5	NA
633699	NA	6	NA
633807	33	56	28
634113	13	6	NA
634176	NA	3310	NA
634177	NA	6	NA
634498	NA	13	NA
634499	NA	2	NA
634500	NA	22	NA
634503	NA	3	NA
634504	NA	3	NA
635	NA	44	NA
635013	NA	57	NA
636	8	4	NA
63612	4	1	NA
63737	NA	8	NA
637380	NA	2	NA
63742	NA	5	NA
63743	NA	1	NA
63745	18	NA	11
637905	NA	9	NA
637909	NA	3	NA
637910	NA	4	NA
637971	1	31	NA
638303	NA	10	NA
638619	11	NA	11
639282	NA	28	NA
639283	NA	17	NA
639313	2	NA	NA
640081	NA	49	NA
640132	NA	12	NA
640511	6	9	NA
640512	14	5	10
640513	NA	4	NA
641	NA	66	NA
641491	NA	15	NA
64160	8	NA	NA
64187	NA	4	NA
642	NA	84	NA
642492	NA	198	NA
643561	NA	11	NA
643562	NA	28	NA
643648	NA	31	NA
643674	14	59	10
643867	NA	112	NA
644	22	11	22
644007	NA	51	30
644281	NA	1	NA
644282	NA	35	NA
644283	NA	9	NA
644284	NA	106	NA
644295	NA	2	NA
64471	NA	1	NA
644801	NA	10	NA
644966	NA	25	NA
645	1	NA	NA
645127	NA	196	NA
645462	NA	5	NA
645517	3	2	NA
645991	NA	49	NA
646413	NA	20	NA
646529	NA	35	NA
647113	NA	4	NA
647171	NA	7	NA
648757	NA	18	NA
64895	NA	13	NA
64897	2	NA	NA
64898	NA	7	NA
648996	NA	17	NA
648999	4	9	NA
649349	NA	213	NA
649638	NA	23	NA
649639	NA	26	NA
649756	23	207	22
649777	NA	84	NA
649831	6	17	NA
649841	15	NA	13
65058	22	32	13
65093	5	8	NA
651	6	NA	NA
651137	NA	5	NA
651142	NA	2	NA
651182	NA	38	NA
651456	NA	2	NA
651457	2	NA	NA
652	5	25	NA
652103	NA	13	NA
652716	9269	NA	33549
653045	NA	2	NA
653685	NA	24	NA
653733	NA	42	NA
65393	2	11	NA
654	20	53	17
65496	NA	22	NA
655015	2	29	NA
655183	NA	15	NA
655384	NA	2	NA
65551	NA	1	NA
65553	2	NA	NA
65555	4	NA	NA
655815	NA	112	NA
656024	7	14	NA
656088	NA	4	NA
656178	6	22	NA
656179	3	4	NA
656366	12	28	NA
656519	9	43	NA
657	NA	16	NA
65741	7	NA	NA
658062	7	NA	NA
658172	NA	3	NA
658445	NA	42	NA
660470	NA	42	NA
660596	NA	7	NA
661410	NA	2	NA
661478	NA	41	NA
662	NA	130	NA
66219	29	NA	26
662475	NA	5	NA
662478	NA	1	NA
662479	NA	2	NA
662598	NA	379	NA
66269	14	NA	11
662755	NA	36	NA
663	34	17	33
663278	NA	50	NA
663918	NA	1	NA
663954	NA	4	NA
665032	NA	1	NA
665099	16	NA	15
665571	NA	9	NA
666	46	15	41
666509	NA	6	NA
666510	NA	5	NA
666681	NA	21	NA
666685	5	17	NA
666686	6	25	NA
66692	NA	3	NA
667014	NA	21	NA
667015	NA	2519	NA
66712	NA	6	NA
668	22	NA	22
66851	NA	5	NA
669	105	19	100
669041	25	114	26
669357	NA	1	NA
669502	1	5	NA
669875	NA	1	NA
670	33	33	30
670052	11	27	11
670307	NA	8	NA
670486	NA	2	NA
670487	NA	15	NA
670516	NA	13	NA
671065	NA	7	NA
671223	84	67	82
671232	NA	1125	NA
672	69	40	44
672190	NA	1	NA
67267	2	25	NA
673	8	29	NA
673860	NA	3	NA
673862	7	8	NA
674	26	5	22
674703	4	28	NA
675635	NA	30	NA
67572	NA	1	NA
676	33	7	30
676032	NA	1	NA
67780	18	6	NA
67825	10	NA	NA
67827	4	7	NA
67854	202	NA	206
679318	5	7	NA
679897	NA	7	NA
679901	NA	9	NA
679926	NA	15	NA
679935	NA	813	NA
68	NA	26	NA
680	9	11	NA
680115	NA	1	NA
680198	NA	24	NA
680279	23	29	15
680646	NA	1727	NA
68173	1	11	NA
68192	1	NA	NA
68202	2	NA	NA
68214	2	14	NA
68223	NA	3	NA
682370	NA	1	NA
68249	13	18	12
682634	NA	1	NA
682795	NA	25	NA
68280	2	NA	NA
68287	NA	30	NA
68288	NA	58	NA
68295	NA	29	NA
68298	NA	1	NA
68336	NA	419	NA
683735	NA	10	NA
683837	NA	10	NA
685039	NA	1	NA
68525	NA	18	NA
68570	63	14	46
685727	NA	10	NA
686597	2	15	NA
687	17	36	14
688245	NA	12	NA
688269	NA	25	NA
688270	NA	57	NA
68895	13	24	15
68909	2	NA	NA
69014	NA	7	NA
690566	NA	7	NA
690850	NA	30	NA
691	17	17	14
691963	NA	2	NA
691964	NA	39	NA
691965	NA	95	NA
691966	NA	1	NA
692370	1	8	NA
69277	NA	2	NA
693075	4	NA	NA
693216	NA	7	NA
69328	3	21	NA
693444	13	19	13
693661	NA	2	NA
69373	10	9	NA
693746	NA	160	NA
69395	1	3	NA
693974	NA	2	NA
693977	NA	34	NA
693978	NA	7	NA
693979	NA	1256	NA
693982	NA	3	NA
693985	NA	5	NA
694427	NA	1151	NA
694429	NA	5	NA
694430	NA	5	NA
694431	NA	28	NA
694440	NA	14	NA
69541	NA	14	NA
695562	NA	2	NA
69578	NA	15	NA
696069	NA	1	NA
696125	NA	3	NA
696127	NA	8	NA
696281	NA	37	NA
696485	13	11	16
697046	11	3	NA
697281	NA	53	NA
697283	NA	20	NA
697303	NA	3	NA
697329	NA	254	NA
69823	558	NA	556
698414	NA	1	NA
698738	NA	16	NA
698758	NA	34	NA
698761	NA	12	NA
698828	9	10	10
698948	NA	12	NA
698964	NA	3	NA
698968	NA	1	NA
698973	NA	1	NA
699035	NA	9	NA
699246	NA	121	NA
699431	NA	2	NA
69965	NA	50	NA
69966	20	28	17
7	6	NA	NA
700015	NA	53	NA
700512	NA	1	NA
700598	NA	169	NA
701347	NA	2	NA
702113	3	6	NA
702459	NA	2	NA
70255	10	13	NA
702967	8	23	NA
703	26	70	16
703613	NA	1	NA
70601	NA	1	NA
706191	NA	2	NA
706587	NA	40	NA
70775	NA	4	NA
70803	NA	6	NA
708126	27	132	26
70863	6	NA	NA
70864	11	NA	NA
709032	NA	40	NA
709986	NA	15	NA
709991	NA	1339	NA
710421	NA	21	NA
710685	NA	9	NA
710696	NA	27	NA
712	NA	25653	NA
712122	614	727	609
712357	4429	5004	4414
712411	213	339	206
712538	162	141	160
712633	16683	12228	16768
712710	2147	4011	2119
712898	NA	2	NA
712938	NA	1	NA
712961	NA	2	NA
713	NA	2746	NA
713030	147	126	144
713585	NA	12	NA
713887	5	NA	NA
714	1171	2937	1177
71421	NA	306	NA
714313	NA	11	NA
71433	2	NA	NA
715	492	878	509
71518	179	NA	NA
715451	6	19	NA
716	326	NA	335
716540	NA	1	NA
716541	NA	1	NA
716544	NA	16	NA
716816	3	20	NA
717231	NA	21	NA
717605	NA	37	NA
717609	1	NA	NA
717610	NA	28	NA
717772	NA	17	NA
717773	NA	4	NA
717774	NA	22	NA
717785	3	23	NA
718	273	NA	289
71999	23	27	25
72000	15	NA	14
720554	NA	93	NA
721785	13	NA	11
722418	NA	1	NA
72274	NA	10	NA
72275	NA	18	NA
72276	NA	10	NA
72293	NA	4	NA
72294	NA	59	NA
724	NA	3675	NA
725	NA	8	NA
72638	NA	3	NA
727	47918	12108	39138
72758	NA	70	NA
72763	NA	53	NA
728	NA	1	NA
729	137115	NA	137808
730	344	743	322
731	369	734	364
73141	4	NA	NA
732	21165	15445	21105
738	881	1538	886
73919	11	NA	NA
74109	43	NA	34
741091	NA	1	NA
741155	NA	3	NA
74152	NA	2	NA
741942	NA	2	NA
74201	NA	20	NA
742013	5	5	NA
74313	2	NA	NA
74318	1	NA	NA
743299	NA	8	NA
74349	NA	1	NA
743525	NA	10	NA
743718	NA	31	NA
743720	NA	22	NA
743721	NA	13	NA
743722	20	228	17
743966	NA	12	NA
743967	NA	19	NA
743971	NA	2	NA
743972	NA	437	NA
744872	NA	66	NA
744985	1	11	NA
745310	NA	22	NA
74546	NA	6	NA
74547	NA	3	NA
745776	NA	10	NA
746697	NA	130	NA
747	1212	1349	1233
747365	NA	21	NA
748247	19	26	15
748280	26	109	13
74829	2	NA	NA
748449	NA	54	NA
748727	NA	5	NA
748811	20	NA	17
749222	NA	29	NA
749414	NA	30	NA
74968	NA	8	NA
74969	NA	3	NA
75	NA	15	NA
750	236	NA	236
75105	5	29	NA
751944	NA	2	NA
751945	NA	16	NA
75293	3	6	15
753084	NA	3	NA
75379	NA	8	NA
754035	NA	3	NA
754048	NA	3	NA
754052	NA	1	NA
754058	NA	1	NA
754075	NA	2	NA
754345	NA	74	NA
754409	26	60	25
754476	16	41	11
754477	1	24	NA
754502	NA	10	NA
754523	NA	2	NA
755164	NA	1	NA
755178	NA	14	NA
755731	1	24	NA
755732	NA	191	NA
75612	8	NA	NA
756272	NA	28	NA
756499	NA	29	NA
75682	NA	73	NA
756828	NA	3	NA
756883	NA	2	NA
75697	40	NA	35
758793	6	24	NA
758796	2	3	NA
758802	2	14	NA
758831	NA	4	NA
758847	NA	6	NA
75906	NA	11	NA
759620	7	20	NA
75984	NA	1214	NA
75985	531	836	528
759913	NA	7	NA
759914	NA	3	NA
760011	NA	73	NA
760142	NA	20	NA
760154	NA	14	NA
760192	NA	222	NA
760570	NA	830	NA
76114	NA	30	NA
761193	NA	282	NA
76123	13588	24869	13418
761659	NA	4	NA
762051	NA	3	NA
762376	NA	19	NA
762550	NA	3	NA
762570	NA	9	NA
762633	NA	2	NA
762903	NA	148	NA
762948	NA	4178	NA
762954	28	NA	24
763057	NA	1	NA
764562	NA	2	NA
76517	8	NA	NA
765177	NA	1	NA
765698	NA	1	NA
765869	NA	22	NA
765910	NA	16	NA
765911	NA	25	NA
765912	NA	38	NA
76594	14	37	11
765952	NA	10	NA
766	NA	1	NA
767029	NA	2874	NA
767031	NA	6404	NA
76731	23	36	20
767434	NA	26	NA
767453	NA	2	NA
767455	NA	7	NA
76759	7	23	NA
76761	15	6	11
767817	NA	40	NA
767892	2	NA	NA
76802	NA	5	NA
76831	NA	285	NA
76832	3	44	NA
768486	NA	10	NA
768507	NA	323	NA
76853	25	38	21
76856	NA	903	NA
76857	NA	2767	NA
76859	NA	2493	NA
76860	347	NA	350
768670	NA	26	NA
768672	NA	5	NA
768679	NA	10	NA
768704	NA	37	NA
768706	NA	99	NA
76875	NA	4	NA
76892	NA	7	NA
76936	1	5	NA
76947	NA	7	NA
770	1	3	NA
771875	NA	7	NA
773	NA	30	NA
774	7	9	NA
776	NA	1	NA
77643	NA	6	NA
777	1	22	NA
779	NA	2	NA
780	NA	8	NA
782	1	1	NA
78245	NA	7	NA
78258	8	NA	NA
78259	3	NA	NA
783	1	NA	NA
78327	8	NA	NA
78331	5	NA	NA
784	6	3	NA
785	1	NA	NA
78541	NA	1	NA
78587	6	NA	NA
788	1	NA	NA
79205	NA	2	NA
79206	NA	18	NA
79209	4	NA	NA
79329	35	NA	30
794903	19	50	18
795359	NA	19	NA
795665	24	29	23
795748	NA	2	NA
795797	NA	2	NA
79604	8	66	NA
796385	NA	1	NA
796606	NA	22	NA
797114	NA	2	NA
797210	NA	1	NA
797299	NA	4	NA
798128	NA	1	NA
79880	4	36	NA
79883	15	27	NA
79885	10	NA	NA
79929	NA	4	NA
803	2	NA	NA
80679	9	NA	NA
80811	NA	15	NA
80816	6	NA	NA
80840	NA	582	NA
80842	14	NA	13
80852	47	6	42
80854	24	36	19
80864	NA	163	NA
80865	NA	69	NA
80866	9	NA	NA
80867	3	NA	NA
80869	17	NA	17
81	NA	3	NA
810	NA	14	NA
81028	18	NA	18
81032	4	NA	NA
813	1	1	NA
81416	NA	2	NA
81462	13	NA	11
81468	10	NA	NA
81475	14	NA	NA
81479	11	29	10
816	NA	7427	NA
81682	NA	20	NA
817	452	1436	409
818	203	879	207
81850	NA	20	NA
81852	NA	82	NA
821	166	NA	164
82115	NA	38	NA
823	200	NA	201
824	1184	1496	1184
82541	12	NA	11
826	14	NA	12
82654	3	16	NA
827	6	NA	NA
82983	11	2	13
82985	33	55	34
82996	19	5	18
830	NA	127	NA
83191	NA	1	NA
83262	6	7	NA
83263	1	18	NA
833	17	NA	17
83406	4	44	NA
83455	6	NA	NA
83494	NA	10	NA
83552	5	NA	NA
83554	2	4	NA
83558	4	7	NA
83559	2	3	NA
83560	1	NA	NA
83561	3	NA	NA
836	NA	386	NA
83655	14	14	13
83676	NA	2	NA
83683	6	5	NA
83684	NA	4	NA
837	2279	7855	2227
838	NA	39511	NA
839	383	6	380
83986	NA	67	NA
84022	13	29	11
84023	2	NA	NA
84030	43	NA	44
84110	7	NA	NA
84111	NA	10	NA
84112	12	38	12
84159	14	NA	13
84163	10	NA	NA
84292	8	16	NA
84377	6	NA	NA
84378	3	NA	NA
844	2	NA	NA
84405	2	NA	NA
84406	NA	25	NA
84531	7	12	NA
84565	NA	10	NA
84566	NA	231	NA
84567	NA	61	NA
84588	2	1	NA
84590	8	NA	NA
84595	6	NA	NA
84642	NA	14	NA
847	13	47	12
84757	21	NA	21
848	NA	12809	NA
84980	3	NA	NA
84998	NA	36	NA
84999	NA	29	NA
85	NA	1	NA
85006	NA	240	NA
85007	NA	140	NA
85009	NA	11	NA
85012	NA	8	NA
85015	NA	9	NA
85017	NA	4	NA
85020	NA	8	NA
85021	NA	4	NA
85023	NA	44	NA
85025	NA	4	NA
85030	NA	6	NA
85085	4	NA	NA
851	23617	6520	23567
85154	NA	2	NA
85404	622	374	615
85413	NA	1	NA
85581	NA	37	NA
85620	NA	10	NA
85643	14	36	NA
856793	NA	3	NA
85683	13	NA	NA
85698	37	16	37
85701	2	1	NA
857087	NA	24	NA
857473	NA	3	NA
858215	NA	13	NA
858619	NA	23	NA
85874	4	NA	NA
859192	NA	1	NA
859350	NA	1	NA
85963	NA	1	NA
859653	1	5	NA
859654	NA	1	NA
859655	NA	4	NA
859656	NA	10	NA
859657	NA	8	NA
85991	3	8	NA
860228	NA	1350	NA
860235	4	51	NA
861047	NA	1	NA
86106	1	16	NA
861109	NA	8	NA
861208	NA	4	NA
861360	NA	15	NA
86170	1	NA	NA
86192	NA	1	NA
862259	NA	7	NA
862719	NA	6	NA
862751	6	5	NA
862908	NA	31	NA
862962	NA	413	NA
862964	NA	839	NA
862965	NA	118370	NA
862966	NA	138	NA
862967	NA	106	NA
862969	NA	17	NA
862970	NA	81	NA
862971	NA	142	NA
863	4	NA	NA
86304	14	NA	13
863638	NA	2	NA
863643	2	NA	NA
86416	NA	54	NA
864564	NA	29	NA
865938	NA	294	NA
86622	NA	2	NA
866536	NA	124	NA
86660	2	5	NA
86661	NA	83	NA
86662	2	3	NA
866630	NA	559	NA
86664	19	24	17
86665	2	NA	NA
866775	NA	11	NA
866895	NA	16	NA
867900	NA	3	NA
867902	NA	4	NA
867904	NA	10	NA
867917	NA	4	NA
868131	NA	8	NA
868595	NA	31	NA
868597	NA	7	NA
868864	NA	19	NA
869209	NA	246	NA
869210	NA	13	NA
869211	NA	9	NA
869212	NA	44	NA
869216	NA	106	NA
869269	NA	8	NA
869303	NA	36	NA
869304	NA	2	NA
869307	NA	1	NA
869309	NA	235	NA
869816	NA	4	NA
870	36	NA	33
870903	1	NA	NA
871584	NA	1	NA
871585	NA	3	NA
871738	NA	11	NA
871963	NA	29	NA
871968	NA	47	NA
872	NA	38	NA
872331	NA	3	NA
873	1	NA	NA
875170	NA	2	NA
875328	1	10	NA
87541	40	77	41
876	10	NA	NA
876364	2	8	NA
877455	NA	9	NA
878220	27	182	30
87882	NA	175	NA
87883	10	12	NA
879243	NA	3171	NA
879274	1	14	NA
879628	NA	1	NA
880	7	NA	NA
880070	NA	55	NA
880071	NA	119	NA
880072	NA	22	NA
880073	NA	96	NA
880074	NA	1622	NA
880447	NA	1	NA
88058	5	NA	NA
880633	NA	4	NA
880724	NA	2	NA
881	15	23	NA
881621	NA	2	NA
882090	NA	2	NA
882378	NA	23	NA
883	NA	21	NA
883062	NA	3	NA
884684	24	NA	23
885581	4	NA	NA
886293	NA	56	NA
886377	NA	94	NA
886882	NA	2	NA
887061	1	2	NA
88723	NA	7	NA
888061	NA	26	NA
888727	NA	860	NA
889378	NA	40	NA
889453	49	603	NA
890	NA	2	NA
890041	NA	78	145
890402	NA	4	NA
89059	18	21	10
89154	4	NA	NA
89184	4	NA	NA
891968	NA	69	NA
891974	10	7	NA
89373	NA	107	NA
894	10	NA	NA
897	3	39	NA
898	NA	6	NA
899	6	NA	NA
89966	NA	225	NA
9	47	7	28
901	5	31	NA
90270	3	5	NA
903510	NA	6	NA
90370	NA	2	NA
90371	NA	1	NA
903814	NA	13	NA
904	NA	48	NA
905	4	NA	NA
90627	NA	4	NA
906968	NA	276	NA
907	53	NA	52
907238	NA	1	NA
907240	NA	3	NA
908819	NA	2	NA
908937	NA	5408	NA
909297	NA	1	NA
909420	NA	6	NA
90964	NA	13	NA
909768	NA	13	NA
909929	NA	20	NA
909932	NA	339	NA
910474	NA	1	NA
91061	NA	1021	NA
911	NA	2	NA
912	1	NA	NA
913	1	NA	NA
913025	NA	3	NA
91347	NA	481	NA
91353	NA	11	NA
914	NA	37	NA
914127	NA	1	NA
914150	12	10	12
915	7	NA	NA
916	6	NA	NA
91604	8	24	NA
91844	NA	4	NA
91890	NA	1	NA
91891	NA	12	NA
91915	1	NA	NA
920	3	12	NA
921	7	NA	NA
92244	NA	12	NA
92245	18	NA	NA
925775	NA	2	NA
925818	1	5	NA
925984	NA	3	NA
926	27	59	24
926067	NA	1	NA
92645	21	15	23
926550	NA	45	NA
926556	NA	143	NA
926562	NA	193	NA
926566	NA	14	NA
926569	NA	33	NA
926570	NA	2	NA
926571	NA	6	NA
926690	NA	4	NA
927	9	NA	NA
927083	13	39	12
927666	NA	6743	NA
927703	NA	1	NA
927704	NA	202	NA
928211	NA	1	NA
929102	NA	18	NA
92944	NA	2	NA
92945	1	12	NA
92947	1	20	NA
929506	NA	33	NA
929556	NA	210	NA
929562	NA	5	NA
929713	NA	105	NA
930166	16	13	11
930169	NA	7	NA
930170	NA	5	NA
930171	NA	9	NA
930275	NA	2	NA
93060	NA	3	NA
93061	NA	6	NA
93064	6	13	NA
930805	4	26	NA
930806	3	27	NA
930944	NA	4	NA
931089	NA	21	NA
931276	NA	20	NA
931277	NA	2	NA
931626	NA	74	NA
93217	NA	57	NA
93218	5	8	NA
93219	8	12	NA
93220	19	17	16
93221	5	12	NA
93222	3	1	NA
93378	5	16	NA
933801	NA	7	NA
93466	1	8	NA
935199	NA	2	NA
935546	NA	4	NA
935588	NA	95	NA
935590	NA	17	NA
935591	NA	24	NA
935593	NA	74	NA
935599	NA	6	NA
935897	NA	497	NA
936154	NA	79	NA
936155	NA	18	NA
936456	1	NA	NA
936476	37	NA	35
937773	NA	5	NA
937774	NA	2	NA
937775	NA	18	NA
937777	NA	15	NA
938141	NA	2	NA
938143	NA	2	NA
93929	1	NA	NA
93973	23	16	19
940295	NA	3	NA
940614	2	NA	NA
940615	14	NA	13
941058	NA	1	NA
941187	NA	1	NA
941189	NA	6	NA
941190	NA	2	NA
94122	2	1	NA
94132	33	24	27
941639	NA	5	NA
941968	NA	2	NA
942	NA	4	NA
942513	NA	178	NA
94254	31	NA	31
943	NA	4	NA
943945	NA	3	NA
944	2	NA	NA
944546	NA	5	NA
944547	1	26	NA
945	1	2	NA
945021	NA	16	NA
945556	NA	1	NA
945713	NA	93	NA
94624	19	30	19
946333	29	42	28
946483	NA	22	NA
94694	NA	5	NA
94695	NA	5	NA
948	NA	6	NA
948107	12	NA	10
953	NA	5	NA
954	1	NA	NA
95485	1	11	NA
95486	7	22	NA
958	NA	6	NA
959	14	27	NA
9606	20699	290	20540
96230	4	NA	NA
963	NA	23	NA
96345	28	94	27
964	20	25	17
96561	NA	21	NA
96773	15	13	11
970	NA	808	NA
97050	NA	4	NA
97084	14	NA	13
971	18	NA	19
972	NA	2	NA
97477	2	NA	NA
97478	7	NA	NA
976	NA	11819	NA
979	21	210	22
979556	NA	9	NA
981222	NA	40	NA
981539	NA	21	NA
981540	NA	60	NA
98228	9	32	NA
983544	17	69	18
983545	17	8	16
983548	17	56	17
983594	NA	3	NA
983917	NA	61	NA
984	12	NA	NA
984129	NA	4	NA
984237	NA	1	NA
984262	NA	128	NA
985	12	NA	11
985002	15	10	14
985006	NA	1	NA
985053	NA	1	NA
985665	NA	11	NA
985762	16	9	14
986	47	117	36
98795	NA	4	NA
98804	NA	1	NA
988812	NA	13	NA
990288	NA	3	NA
990315	NA	2	NA
990316	NA	18	NA
990317	NA	111	NA
991789	NA	119	NA
99179	NA	1	NA
991904	1	NA	NA
991905	NA	23	NA
992406	NA	1	NA
994696	5	NA	NA
995	32	NA	21
99598	1	10	NA
996	74	258	69
996801	21	57	21
997761	NA	3	NA
997877	NA	583	NA
998088	NA	6	NA
999	56	NA	19
999541	NA	14	NA
999552	NA	9	NA
999630	NA	10	NA
